country_name,year,FDI4,estabilidad_politica,tiempo_negocios,hdi,v2x_polyarchy,v2cacamps,v2caviol,v2cagenmob,v2x_corr,v2xcl_prpty,e_gdp,e_miinflat,economic_freedom,Factor_gobernanza
Argentina,1996,6948536686.64725,0.111376881599426,9.4,0.751,0.829,0.021,-1.206,0.71,0.522,0.868,48448.875,0.156,0.747,0.267346600064681
Argentina,1997,9160272052.4446,0.0958238765597343,41.5,0.756,0.829,0.021,-1.206,0.71,0.522,0.868,51318.85,0.529,0.733,0.184209347559165
Argentina,1998,7290657132.08156,-0.134649589657784,9.4,0.762,0.833,0.021,-1.206,0.71,0.522,0.868,52451.113,0.925,0.709,0.235208950767711
Argentina,1999,23987696389.6428,-0.116048209369183,7,0.773,0.832,0.021,-1.206,0.71,0.522,0.868,51153.126,-1.167,0.706,0.305101709364683
Argentina,2000,10418314339.1428,0.0958238765597343,26,0.779,0.84,0.021,-1.206,1.173,0.403,0.868,50292.059,-0.939,0.7,0.0375571790226957
Argentina,2001,2166136829.76399,-0.282882064580917,41,0.784,0.84,0.021,-1.206,3.045,0.403,0.922,47854.374,-1.065,0.686,0.295445647446406
Argentina,2002,2148910000,-0.776545405387878,8,0.785,0.832,0.021,-1.206,2.047,0.42,0.922,45242.915,25.869,0.657,-0.440500233788714
Argentina,2003,1652010000,-0.359838128089905,65.5,0.793,0.813,0.404,-1.206,1.812,0.447,0.922,47013.749,13.443,0.563,-0.382753805268525
Argentina,2004,4124710000,-0.610934913158417,29.5,0.798,0.808,0.404,-1.206,1.812,0.447,0.922,50853.103,4.416,0.539,-0.355702448429326
Argentina,2005,5265250000,-0.0417749434709549,29.5,0.802,0.806,0.874,-1.206,1.812,0.447,0.922,54973.434,9.642,0.517,-0.266104164212494
Argentina,2006,5537347786.19331,0.00196776282973588,29.5,0.814,0.796,0.874,-1.206,1.812,0.447,0.922,59257.063,10.898,0.534,-0.257332141882873
Argentina,2007,6473157762.12915,0.0977966338396072,29.5,0.817,0.795,0.874,-1.206,1.812,0.447,0.922,64004.278,8.83,0.54,-0.27008414569419
Argentina,2008,9725553129.52469,-0.0877556875348091,30,0.825,0.79,0.874,-1.206,1.812,0.447,0.922,67044.691,8.585,0.5415389211,-0.363849801543896
Argentina,2009,4017158924.88408,-0.234854578971863,25,0.827,0.777,0.874,-1.206,1.812,0.447,0.922,66802.882,6.27,0.523156365,-0.424414717834858
Argentina,2010,11332718626.4345,-0.0847978666424751,24.5,0.834,0.776,0.874,-1.206,1.812,0.447,0.922,71367.171,10.649,0.512,-0.307387838461014
Argentina,2011,10839930944.6815,0.158993661403656,24.5,0.841,0.778,1.168,-1.206,1.812,0.447,0.922,75637.143,6.884,0.517,-0.279190405351131
Argentina,2012,15323933916.8241,0.103040546178818,24.5,0.843,0.78,1.168,-1.206,2.645,0.447,0.922,76870.952,1058.37,0.48,-0.37968961437709
Argentina,2013,9821661858.15874,0.0653142631053925,24.5,0.845,0.788,1.936,-1.206,1.784,0.469,0.922,77886.474,10.898,0.467,-0.408445244465922
Argentina,2014,5065335541.96486,-0.00512187136337161,24.5,0.846,0.792,1.936,-1.206,1.784,0.469,0.922,77491.635,9.4,0.446,-0.501799575972159
Argentina,2015,11758994011.286,0.014785380102694,24.5,0.848,0.777,1.936,-1.206,1.784,0.447,0.922,78531.535,10.649,0.441,-0.39323818401319
Argentina,2016,3260164341.77393,0.204625502228737,24.5,0.847,0.752,1.936,-1.206,1.784,0.429,0.922,78566.494,9.642,0.438,-0.018304512850537
Argentina,2017,11516861462.2845,0.169504255056381,24.5,0.851,0.746,1.936,-1.206,1.784,0.429,0.922,80302.152,9.642,0.504,0.0192088559896211
Argentina,2018,11716769818.7543,0.0108913751319051,11,0.85,0.767,1.936,-1.206,1.784,0.42,0.922,79797.987,8.585,0.523,0.036619805580779
Argentina,2019,6649187837.98606,-0.0914442017674446,11.5,0.852,0.771,1.936,-1.206,1.131,0.428,0.922,78294.101,8.585,0.522,-0.124467351643636
Barbados,1996,15836484.06,1.05037176609039,16,0.744,0.762,-3.377,-2.655,-1.62,0.093,0.883,510.35,2.39,0.623,1.4158703702173
Barbados,1997,28203499.05,0.309247434139252,12,0.747,0.762,-3.377,-2.655,-1.62,0.093,0.883,527.187,7.71,0.645,-0.0264165309016247
Barbados,1998,29160482.23,1.08426582813263,14,0.748,0.762,-3.377,-2.655,-1.62,0.093,0.883,545.983,-1.27,0.679,1.49202810933971
Barbados,1999,47539505.12,0.402350127696991,43,0.75,0.758,-3.377,-2.655,-1.62,0.093,0.883,552.287,1.56,0.667,0.980491063458328
Barbados,2000,73696943.905,1.15119981765747,26,0.756,0.758,-3.377,-2.655,-1.62,0.093,0.883,558.553,2.44,0.695,1.55097598711665
Barbados,2001,91504910.94,1.04420638084412,19,0.756,0.758,-3.377,-2.655,-1.62,0.093,0.883,550.108,2.58,0.715,1.5235652880206
Barbados,2002,228343253.8,1.09719908237457,42,0.76,0.758,-3.377,-2.655,-1.62,0.093,0.883,548.998,0.13,0.736,1.56126724708925
Barbados,2003,184701288.595,0.918948590755463,43,0.765,0.76,-3.377,-2.655,-1.62,0.093,0.883,552.745,1.62,0.713,1.5718719251663
Barbados,2004,228334500,1.09435272216797,18,0.77,0.762,-3.377,-2.655,-1.62,0.093,0.883,564.794,1.39,0.694,1.46792587320901
Barbados,2005,390061395.8643,1.11291885375977,45,0.776,0.762,-3.377,-2.655,-1.62,0.093,0.883,576.864,6.08,0.701,1.45690748806055
Barbados,2006,342267498.215,0.91321188211441,18,0.781,0.762,-3.377,-2.655,-1.317,0.093,0.883,588.819,7.31,0.719,1.41431138989868
Barbados,2007,476404576.96,1.04420638084412,16,0.786,0.762,-3.377,-2.655,-1.651,0.093,0.883,598.787,4.03,0.7,1.44722126653716
Barbados,2008,615122884.63,1.06835830211639,16,0.789,0.78,-3.377,-2.655,-1.651,0.093,0.883,586.999,8.1,0.7133224696,1.46123123681941
Barbados,2009,356008255.11,1.04774069786072,19,0.791,0.781,-3.377,-2.655,-1.651,0.093,0.883,559.009,3.6,0.7153106033,1.28447978467179
Barbados,2010,425337312.585,1.06063663959503,9.7,0.788,0.781,-3.377,-2.655,-1.651,0.099,0.883,539.819,5.8,0.683,1.30324799356658
Barbados,2011,459552936.365,1.24613010883331,18,0.784,0.781,-2.877,-2.655,-1.651,0.099,0.883,525.545,2.39,0.685,1.37492007575853
Barbados,2012,528045664.5074,1.18596565723419,18,0.787,0.781,-3.379,-2.655,-1.651,0.099,0.883,513.237,0.1,0.69,1.31441458654666
Barbados,2013,104089451.159478,1.26692914962769,18,0.787,0.773,-3.379,-2.655,-1.3,0.099,0.883,507.402,2.469,0.693,1.2904986388826
Barbados,2014,753687476.11428,1.2779198884964,19,0.789,0.772,-3.379,-2.655,-1.026,0.099,0.883,505.819,1.39,0.683,1.17649120460552
Barbados,2015,688525943.309105,1.13536131381989,19,0.791,0.769,-3.379,-2.655,-1.026,0.112,0.922,510.609,7.31,0.679,1.22597376975897
Barbados,2016,557500316.04356,0.976609885692596,16,0.794,0.769,-3.379,-2.655,-0.595,0.124,0.922,523.619,5.74,0.683,1.05410024951771
Barbados,2017,91481933.165,0.966827690601349,16,0.796,0.767,-3.379,-2.655,0.204,0.124,0.854,535.465,7.31,0.545,0.967845533532788
Barbados,2018,241596499.9,0.913432478904724,16,0.797,0.773,-2.524,-2.655,-0.202,0.089,0.854,541.877,29.749,0.57,0.755697985062901
Barbados,2019,215370128.6,1.04922747612,16,0.799,0.787,-2.908,-2.655,-1.624,0.078,0.854,549.399,19.819,0.647,0.735037586569048
Bolivia,1996,474100000,-0.134768322110176,16.5,0.609,0.746,0.013,0.313,0.462,0.701,0.679,2626.237,12.43,0.652,-0.163302881152188
Bolivia,1997,730600000,-0.00402953522279859,57,0.62,0.746,-0.208,0.313,1.069,0.717,0.679,2739.838,4.709,0.651,-0.213739157582419
Bolivia,1998,949300000,-0.241092368960381,16.5,0.632,0.747,-0.208,0.313,1.069,0.717,0.679,2851.373,7.674,0.688,-0.0350489668246486
Bolivia,1999,1010500000,-0.43740776181221,57,0.631,0.751,-0.208,0.313,1.069,0.717,0.679,2906.401,2.161,0.656,-0.286034629668842
Bolivia,2000,736350000,-0.23706117272377,59,0.632,0.751,-0.208,0.488,1.739,0.717,0.679,2984.701,4.602,0.65,-0.18219335414851
Bolivia,2001,705756000,-0.898689389228821,49,0.632,0.748,-0.208,0.488,0.909,0.717,0.679,3052.269,1.596,0.68,-0.321572137354056
Bolivia,2002,676543000,-0.286515563726425,49,0.63,0.732,0.01,0.519,0.957,0.724,0.679,3146.695,0.923,0.651,-0.284209785790185
Bolivia,2003,197400000,-0.83488517999649,59,0.627,0.731,0.617,0.666,2.69,0.718,0.679,3280.011,3.338,0.643,-0.339770204763981
Bolivia,2004,65430000,-0.680570840835571,59,0.626,0.762,0.617,0.418,2.027,0.672,0.679,3442.976,4.436,0.645,-0.485021763703649
Bolivia,2005,-238620000,-0.971029877662659,49,0.635,0.754,0.557,0.51,2.165,0.675,0.679,3613.319,5.399,0.584,-0.603194223256731
Bolivia,2006,280763457,-0.802562952041626,49,0.638,0.732,0.837,0.51,1.546,0.701,0.679,3832.539,4.281,0.578,-0.613376323342846
Bolivia,2007,366294241.538303,-0.852070689201355,49,0.645,0.727,1.319,0.51,1.151,0.701,0.679,4023.959,8.705,0.542,-0.575420006827243
Bolivia,2008,512335605.237139,-0.696565806865692,49,0.652,0.725,1.319,0.666,1.435,0.701,0.679,4291.283,14.022,0.5311820997,-0.660686468741809
Bolivia,2009,423040000,-0.506110489368439,49,0.658,0.718,1.141,0.234,1.081,0.701,0.679,4482.218,3.3,0.5357589162,-0.733454665736579
Bolivia,2010,621997989.548348,-0.415407210588455,49,0.662,0.692,0.982,-0.094,0.419,0.728,0.679,4754.712,1.7,0.494,-0.633829378242163
Bolivia,2011,858941070.400943,-0.417126506567001,49,0.668,0.687,0.982,-0.094,0.93,0.728,0.679,5068.88,1.7,0.5,-0.622354451503598
Bolivia,2012,1059965390.78481,-0.45806810259819,49,0.674,0.681,0.752,-0.094,0.607,0.728,0.679,5438.894,14.19,0.502,-0.647177796075417
Bolivia,2013,1749612614.39791,-0.32859343290329,49,0.682,0.666,0.752,-0.094,0.117,0.698,0.679,5790.996,14.336,0.479,-0.635534627812252
Bolivia,2014,656566350.80003,-0.333112090826035,49,0.684,0.651,0.752,-0.094,0.117,0.699,0.679,6088.427,1058.37,0.484,-0.706333724759045
Bolivia,2015,554643532.297183,-0.268487215042114,49,0.69,0.618,0.752,-0.094,0.384,0.668,0.679,6391.971,6.471,0.468,-0.775087622970409
Bolivia,2016,335365530.426077,-0.248866364359856,45,0.701,0.627,1.445,-0.094,1.219,0.668,0.72,6699.322,-3.29,0.474,-0.817170409751459
Bolivia,2017,712474137.775022,-0.278028756380081,41,0.708,0.622,1.445,-0.094,1.249,0.666,0.72,7110.57,8.4,0.477,-0.752972906042952
Bolivia,2018,302368781.37636,-0.287118524312973,39.5,0.714,0.603,1.445,-0.094,1.035,0.661,0.72,7401.091,-3.29,0.441,-0.723591261126381
Bolivia,2019,-216636843.1305,-0.730085670948029,39.5,0.717,0.484,2.306,1.274,3.795,0.672,0.657,7515.218,3.438,0.423,-0.842203653017149
Brazil,1996,1.2552e+10,-0.220460131764412,13,0.653,0.849,-0.111,0.274,-1.24,0.504,0.856,157315.314,16.006,0.481,0.0395684517097127
Brazil,1997,18992934310.6468,-0.339505791664124,93,0.66,0.849,-0.111,0.274,-1.24,0.502,0.856,161261.917,6.926,0.526,0.781985386246583
Brazil,1998,28855609916.42,-0.339505791664124,27.3,0.666,0.851,-0.111,0.274,-1.24,0.502,0.856,161907.898,3.209,0.523,0.052727508912398
Brazil,1999,28385675614.9902,0.215346544981003,11,0.671,0.857,-0.111,0.274,0.79,0.502,0.856,161206.435,4.858,0.613,0.192317964965179
Brazil,2000,32994718699.75,0.18410162627697,10.5,0.679,0.857,-0.111,0.274,-0.277,0.502,0.856,165359.056,7.056,0.611,0.0774556599155864
Brazil,2001,23225846372.251,0.0240315701812506,86,0.686,0.857,-0.111,0.274,0.213,0.502,0.856,166814.776,6.835,0.619,0.175857390130626
Brazil,2002,16586600193.114,0.327800273895264,10.5,0.692,0.859,-0.47,0.274,0.825,0.547,0.881,171008.973,8.425,0.615,0.0582013817830275
Brazil,2003,10123013670.9901,0.00421393429860473,11,0.688,0.857,-0.47,-0.275,-1.685,0.547,0.881,174891.789,14.784,0.634,0.0426246737017329
Brazil,2004,18161380459.7533,-0.275992810726166,66,0.692,0.857,-0.47,-0.275,-0.909,0.547,0.881,182180.129,6.597,0.62,-0.0574582233561648
Brazil,2005,15459981604.1196,-0.263379752635956,29,0.698,0.876,-0.47,-0.275,-0.909,0.503,0.881,189340.788,6.884,0.617,-0.124344680443654
Brazil,2006,19418085598.0794,-0.294911116361618,29,0.7,0.876,-0.47,-0.275,-1.686,0.501,0.881,199991.279,4.196,0.609,-0.151413728406288
Brazil,2007,44579492463.6336,-0.3579480946064,39,0.704,0.87,-0.47,-0.275,-1.686,0.501,0.881,212517.535,3.638,0.562,-0.120821449170287
Brazil,2008,50716402711.4787,-0.313424706459045,67,0.715,0.87,-0.47,-0.275,-1.686,0.501,0.881,225316.049,5.672,0.5616436174,-0.00366458625417364
Brazil,2009,31480931700,0.163664221763611,53.9,0.717,0.87,-0.47,-0.275,-1.686,0.501,0.881,234639.117,4.9,0.5670471222,0.0681249973638168
Brazil,2010,82389932468.07,0.0134759107604623,66,0.723,0.872,-0.32,-0.275,-0.818,0.501,0.881,251742.26,5,0.556,0.193275357620698
Brazil,2011,102427228231.42,-0.132575422525406,38,0.728,0.876,-0.32,0.264,-0.689,0.5,0.881,264875.91,8.349,0.563,0.192458688794913
Brazil,2012,92568388321.34,0.0459616407752037,24.9,0.732,0.872,-0.32,0.264,-0.689,0.5,0.881,272209.415,9.703,0.579,0.0873074091342145
Brazil,2013,75211029129.4,-0.258553296327591,86.6,0.75,0.877,0.467,0.565,2.294,0.5,0.881,276871.271,5,0.577,0.076136445789616
Brazil,2014,87713983217.24,-0.070290133357048,83.6,0.754,0.876,0.591,1.015,0.347,0.513,0.881,277327.022,4.297,0.569,0.0144512119125265
Brazil,2015,64738153494.44,-0.33145809173584,86,0.753,0.869,0.591,1.015,0.347,0.513,0.881,271642.585,6.835,0.566,-0.0780533194196048
Brazil,2016,74294627801.19,-0.377205431461334,82.5,0.755,0.774,1.448,1.702,1.951,0.553,0.88,263300.089,30.6,0.565,-0.083577780094452
Brazil,2017,68885491315.23,-0.473864614963531,82.5,0.759,0.771,1.448,1.702,1.082,0.549,0.88,263423.09,14.767,0.529,-0.15757805767279
Brazil,2018,78162724370.35,-0.440423458814621,20.1,0.764,0.742,2.042,2.95,1.181,0.549,0.88,265588.227,25.2,0.514,-0.217185169801531
Brazil,2019,69174411753.43,-0.713788211345673,16.6,0.766,0.689,2.355,2.95,1.548,0.552,0.774,264001.025,5.468,0.519,-0.0797806881354285
Chile,1996,4814616000,0.676454544067383,41.5,0.735,0.861,-2.016,-1.26,-0.672,0.063,0.806,20301.367,6.6,0.726,1.41923161276158
Chile,1997,5271400000,0.676454544067383,41,0.744,0.861,-2.016,-1.26,-0.672,0.063,0.806,21303.759,6,0.759,1.18486870175155
Chile,1998,4627817978,0.0332812815904617,40,0.749,0.863,-2.016,-1.26,-0.672,0.063,0.806,21831.415,4.7,0.749,1.30174595959023
Chile,1999,8761016217.84,0.247864335775375,18,0.755,0.859,-2.016,-1.26,-0.672,0.063,0.806,21922.76,2.3,0.741,0.0534085379696926
Chile,2000,4860015667.52,0.485464155673981,40,0.763,0.88,-2.016,-1.26,-0.672,0.063,0.806,22645.814,4.525,0.747,1.40851732994734
Chile,2001,4199763048.85,0.74876344203949,12.5,0.768,0.88,-2.016,-1.26,-0.259,0.063,0.806,23118.213,3.569,0.751,0.942774628666752
Chile,2002,2549923142.41108,1.08879637718201,42,0.775,0.881,-2.016,-1.26,-0.259,0.063,0.882,23793.143,2.489,0.778,1.41113523796487
Chile,2003,4026497832.75699,0.761611938476563,42,0.779,0.881,-2.016,-1.26,-0.638,0.063,0.882,24850.23,2.81,0.76,1.33034021587604
Chile,2004,6797252642.36959,0.691341698169708,42,0.787,0.881,-2.016,-1.26,-0.638,0.063,0.882,26595.095,1.055,0.769,1.36486651774592
Chile,2005,7462207179.80944,0.842383623123169,42,0.795,0.88,-2.016,-1.26,-0.638,0.063,0.882,28565.173,3.053,0.778,1.40711968265474
Chile,2006,7586190389.76648,0.613005876541138,40,0.796,0.892,-2.016,-1.26,0.596,0.063,0.882,30707.867,3.392,0.78,1.34645779648831
Chile,2007,13474760472.5025,0.406370878219604,40,0.801,0.892,-1.809,-1.26,-0.473,0.063,0.882,32396.858,4.408,0.777,1.41107295431267
Chile,2008,18473102612.1039,0.431912958621979,40,0.813,0.892,-1.809,-1.26,-0.473,0.063,0.882,33155.366,8.717,0.7856436725,1.38154902179244
Chile,2009,13855126064.8962,0.602584421634674,40,0.811,0.889,-1.809,-1.26,-0.473,0.063,0.882,33601.727,1.7,0.7826471919,1.38347356589706
Chile,2010,16019683111.6555,0.679604530334473,36.5,0.813,0.89,-1.524,-1.26,-0.458,0.07,0.882,35978.055,1.7,0.772,1.42432435808847
Chile,2011,25564944876.5765,0.452553361654282,9.5,0.817,0.893,-1.524,-1.26,1.704,0.07,0.882,37859.878,1.055,0.774,1.44830189598095
Chile,2012,31801970676.0608,0.331102102994919,7.5,0.824,0.893,-1.524,-1.26,0.981,0.07,0.882,39935.051,1.497,0.783,1.48914760520355
Chile,2013,21120756844.0181,0.363742530345917,7.5,0.836,0.895,-1.524,-1.26,0.773,0.079,0.882,41273.76,3.108,0.79,1.45663117524685
Chile,2014,25527831848.9546,0.447516918182373,7.5,0.841,0.892,-1.337,-1.26,0.773,0.08,0.882,42137.662,3.392,0.787,1.45570674864362
Chile,2015,17766285629.0926,0.43343922495842,7.5,0.846,0.888,-1.104,-1.26,0.773,0.089,0.882,42766.42,4.381,0.785,1.32801739790939
Chile,2016,11362832162.4891,0.41311052441597,7.5,0.85,0.888,-1.104,-1.26,0.571,0.089,0.882,43656.968,2.56,0.777,1.17088987794112
Chile,2017,5237183518.21249,0.417135536670685,7.5,0.853,0.891,-1.104,-1.26,0.571,0.078,0.882,44618.663,7.513,0.765,1.16617979805434
Chile,2018,7942631935.04886,0.4273601770401,6,0.856,0.87,-0.579,-1.26,0.975,0.059,0.882,45851.818,2.4,0.752,1.16135211818389
Chile,2019,13579090978.7599,0.00792970694601536,4,0.861,0.824,0.807,0.872,3.702,0.058,0.913,46133.749,4.6,0.754,1.12581711431528
Colombia,1996,3111676589.81669,-1.64785850048065,41,0.653,0.554,0.429,3.256,0.632,0.465,0.773,34491.483,20.798,0.643,-0.438493584911271
Colombia,1997,5562216361.61769,-2.27122640609741,6,0.66,0.554,0.429,3.256,0.458,0.465,0.773,35264.589,18.468,0.664,0.00775330419708163
Colombia,1998,2828826261.61251,-1.79392170906067,41,0.665,0.545,0.429,3.256,0.458,0.465,0.773,35172.631,18.676,0.655,-0.370416349302302
Colombia,1999,1507907130.44589,-1.48284018039703,53,0.663,0.538,0.429,3.256,0.458,0.465,0.773,34407.367,10.875,0.653,-0.0241416612461789
Colombia,2000,2436459923.42856,-1.60896074771881,41,0.666,0.547,-0.333,3.256,0.458,0.452,0.773,35040.363,9.221,0.633,-0.454984404493207
Colombia,2001,2541942612.20739,-1.25874590873718,11,0.667,0.545,-0.114,3.256,0.458,0.452,0.773,35465.586,7.968,0.656,-0.142323658514032
Colombia,2002,2133698124.14946,-1.95671439170837,41,0.67,0.539,0.585,3.256,0.694,0.452,0.818,36241.893,6.349,0.642,-0.387483470767869
Colombia,2003,1720493455.49813,-2.37602686882019,44,0.677,0.535,0.585,3.256,0.694,0.452,0.818,37777.873,7.132,0.642,-0.322631476595025
Colombia,2004,3115635873.52058,-2.27122640609741,41,0.683,0.538,0.585,3.256,0.694,0.452,0.818,39368.494,5.905,0.612,-0.280941175413845
Colombia,2005,10235417315.1376,-2.05794286727905,41,0.696,0.541,0.585,2.641,0.694,0.452,0.818,41475.503,5.048,0.596,-0.241033897171755
Colombia,2006,6750625311.15878,-1.90479671955109,42,0.698,0.563,0.585,2.641,0.694,0.452,0.818,44211.383,4.296,0.604,-0.166947940400287
Colombia,2007,8885764397.56293,-1.80652725696564,41,0.71,0.575,0.585,2.256,0.694,0.458,0.818,46978.146,5.544,0.599,-0.0934180233817329
Colombia,2008,10564155795.9327,-1.85346233844757,35,0.716,0.577,0.585,2.256,1.27,0.458,0.818,49674.161,6.998,0.6216767962,-0.0631235560152614
Colombia,2009,8034746177.08445,-1.83234584331512,19,0.722,0.58,1.039,2.256,0.68,0.461,0.818,51041.998,4.2,0.6231768905,-0.159941800566103
Colombia,2010,6429989612.99413,-1.53718483448029,11,0.726,0.617,0.868,2.013,0.68,0.45,0.845,53808.009,2.4,0.655,-0.0793027657689504
Colombia,2011,14647048638.4496,-1.28465557098389,11,0.733,0.652,0.514,1.722,0.68,0.435,0.851,57494.84,9.551,0.68,-0.000517725955844924
Colombia,2012,15039979138.8914,-1.40181040763855,12,0.734,0.656,0.514,1.722,0.68,0.427,0.851,59597.069,2.4,0.68,-0.0489984178979317
Colombia,2013,16210419015.9816,-1.29197180271149,12,0.746,0.662,0.514,1.722,1.087,0.429,0.752,62441.374,121.61,0.696,-0.0654541438489124
Colombia,2014,16168701714.7497,-1.11459410190582,12,0.75,0.671,0.713,1.722,1.31,0.429,0.765,64523.692,4.54,0.707,-0.0284289534600111
Colombia,2015,11620532645.7092,-1.06914663314819,12,0.754,0.673,0.713,1.498,0.926,0.427,0.77,66401.6,0.925,0.717,0.011093267904474
Colombia,2016,13857937720.8026,-0.882459342479706,11,0.759,0.675,0.713,1.498,1.125,0.438,0.679,67635.005,85.653,0.708,0.00502083610453248
Colombia,2017,13700880445.1998,-0.772707641124725,11,0.761,0.672,0.713,1.204,1.084,0.444,0.701,69174.951,4.2,0.697,-0.0831846969073668
Colombia,2018,11298692773.8486,-0.796931743621826,11,0.763,0.672,0.87,1.763,1.697,0.44,0.672,70311.183,26.407,0.689,-0.0772986354180132
Colombia,2019,13989154028.3683,-0.949501574039459,10,0.768,0.649,0.87,1.763,2.781,0.42,0.672,71716.256,24.838,0.673,-0.0152304931004861
Costa Rica,1996,426950000,0.753051400184631,73.5,0.693,0.896,-1.456,-1.841,1.013,0.198,0.948,3680.6,17.512,0.664,0.748640563133918
Costa Rica,1997,409440000,0.638402462005615,48,0.7,0.896,-1.456,-1.841,1.013,0.198,0.948,3864.911,13.248,0.656,0.632849721341416
Costa Rica,1998,614500000,0.90372896194458,23,0.705,0.899,-1.456,-1.841,1.013,0.198,0.948,4100.92,11.66,0.656,0.778918989295563
Costa Rica,1999,619469212,0.868542313575745,73.5,0.708,0.899,-1.456,-1.841,1.013,0.179,0.948,4285.716,10.045,0.674,0.652885056558
Costa Rica,2000,723426415.264239,0.868542313575745,17,0.71,0.898,-1.843,-1.841,2.085,0.179,0.948,4428.99,10.961,0.684,0.683806658848857
Costa Rica,2001,621846413.159734,1.06869447231293,87,0.715,0.898,-1.843,-1.841,0.976,0.179,0.948,4565.142,11.256,0.676,0.648882029635502
Costa Rica,2002,723172624.768835,1.06869447231293,90,0.722,0.901,-1.843,-1.841,0.976,0.179,0.948,4737.452,9.167,0.675,0.626363501394696
Costa Rica,2003,774386239.764205,0.595756590366364,90,0.727,0.901,-1.843,-1.841,0.976,0.174,0.948,4906.192,9.448,0.67,0.620499515977785
Costa Rica,2004,1083718486.49799,0.631576538085938,90,0.732,0.901,-0.728,-1.841,1.518,0.174,0.948,5070.443,12.315,0.664,0.561088578660207
Costa Rica,2005,1528787464.115,0.708228170871735,90,0.74,0.901,-0.728,-1.841,1.518,0.174,0.948,5305.599,13.798,0.661,0.556426220118743
Costa Rica,2006,1801002598.41588,0.736050128936768,87,0.747,0.907,-0.728,-1.841,2.063,0.189,0.948,5601.223,11.471,0.659,0.458497106646818
Costa Rica,2007,2241492021.19677,0.582772672176361,90,0.756,0.91,-0.728,-1.841,2.063,0.189,0.948,5953.652,9.357,0.64,0.509847857543813
Costa Rica,2008,2436112218.26755,0.359765231609344,74,0.765,0.91,-1.845,-1.841,2.063,0.189,0.948,6203.711,13.426,0.6423235908,0.590693296852595
Costa Rica,2009,1614614468.45234,0.587060391902924,73.5,0.769,0.91,-1.845,-1.841,0.976,0.189,0.948,6352.141,7.8,0.6641259348,0.691320719693705
Costa Rica,2010,1906923793.45078,0.691537201404572,73.5,0.772,0.912,-1.292,-1.685,0.976,0.187,0.948,6589.271,5.6,0.659,0.668596458148053
Costa Rica,2011,2733268839.98155,0.508276045322418,73.5,0.782,0.912,-1.292,-1.685,0.976,0.184,0.948,6871.111,3.84,0.673,0.613703073709443
Costa Rica,2012,2696295210.67893,0.638402462005615,57.5,0.786,0.911,-1.292,-1.685,0.976,0.187,0.948,7177.79,1.95,0.68,0.715071819046816
Costa Rica,2013,3205384976.80294,0.677918016910553,23,0.792,0.909,-1.292,-1.685,0.976,0.187,0.948,7368.064,6.76,0.67,0.727391823675999
Costa Rica,2014,3242149796.9724,0.577418208122253,23,0.796,0.908,-1.292,-1.685,0.976,0.178,0.948,7703.839,3.5,0.669,0.728626605776978
Costa Rica,2015,2955521680.83967,0.682025492191315,23,0.798,0.907,-1.292,-1.685,0.976,0.18,0.948,8035.574,7.47,0.672,0.693675436952965
Costa Rica,2016,2620435490.61534,0.661428332328796,22.5,0.803,0.905,-1.292,-1.685,0.976,0.185,0.948,8486.584,4.5,0.674,0.63901665863473
Costa Rica,2017,2924906990.98245,0.60882556438446,22.5,0.807,0.902,-1.292,-1.685,0.976,0.2,0.948,8909.939,10.9,0.65,0.569682593736955
Costa Rica,2018,3014543618.02812,0.469464212656021,23,0.811,0.894,-1.292,-1.685,1.774,0.195,0.929,9159.169,4.5,0.656,0.635171997937108
Costa Rica,2019,2719031329.42268,0.452292859554291,23,0.819,0.899,-1.292,-1.685,1.123,0.189,0.929,9315.616,3.435,0.653,0.692210249262544
Dominican Republic,1996,134200000,-0.0756602957844734,16.5,0.62,0.542,1.032,-0.503,0.574,0.832,0.781,5463.92,5.399,0.581,-0.257868447762276
Dominican Republic,1997,408700000,-0.072912722826004,76,0.627,0.619,0.383,-1.373,-0.382,0.798,0.781,5944.936,8.297,0.535,-0.447014454753835
Dominican Republic,1998,668900000,-0.416316986083984,15,0.633,0.637,0.082,-1.373,-0.382,0.798,0.781,6430.719,4.832,0.581,-0.388436264951714
Dominican Republic,1999,1344900000,0.878712356090546,13,0.64,0.644,0.082,-1.373,0.195,0.798,0.781,6831.93,6.471,0.581,-0.448863252163308
Dominican Republic,2000,9.89e+08,0.0129473777487874,79,0.646,0.656,0.082,-0.503,0.195,0.798,0.781,7156.012,7.724,0.59,-0.397924394167135
Dominican Republic,2001,1087900000,0.0465478301048279,20,0.651,0.664,0.082,-1.418,-0.377,0.798,0.781,7411.585,8.883,0.591,-0.565511753196101
Dominican Republic,2002,9.26e+08,0.118558995425701,36,0.657,0.665,0.082,-1.418,-0.377,0.798,0.781,7678.304,5.223,0.586,-0.381971056133765
Dominican Republic,2003,616530000,-0.419894456863403,79,0.659,0.665,0.082,-1.418,-0.377,0.798,0.781,7733.16,27.45,0.578,-0.464243216043413
Dominican Republic,2004,934480000,-0.344310492277145,79,0.663,0.652,0.082,-1.418,-0.377,0.798,0.781,7997.84,51.461,0.546,-0.490734536464869
Dominican Republic,2005,1118400000,-0.258760690689087,76,0.674,0.644,-0.445,-1.418,0.164,0.798,0.781,8595.385,4.19,0.551,-0.476448996657051
Dominican Republic,2006,1528700000,-0.109803065657616,76,0.683,0.638,-0.445,-1.418,0.164,0.798,0.781,9350.809,7.573,0.563,-0.410979375215847
Dominican Republic,2007,2252900000,-0.0785724595189095,25,0.692,0.635,-0.445,-1.418,0.164,0.798,0.781,10050.418,6.144,0.568,-0.463823198919096
Dominican Republic,2008,2728400000,-0.0380077101290226,15,0.697,0.636,-0.445,-1.418,0.164,0.798,0.781,10473.493,10.645,0.5769812226,-0.471155811163419
Dominican Republic,2009,1695300000,-0.00273510301485658,16,0.701,0.636,-0.445,-1.418,0.164,0.798,0.781,10849.855,1.4,0.5923144449,-0.535943375913539
Dominican Republic,2010,1820200000,-0.0449540354311466,15,0.708,0.614,-0.264,-1.418,0.164,0.798,0.781,11408.31,6.9,0.603,-0.579890817730523
Dominican Republic,2011,2197500000,-0.000481850205687806,14.5,0.713,0.609,-0.264,-1.418,0.164,0.798,0.781,11859.746,6.9,0.6,-0.54575301725858
Dominican Republic,2012,3415900000,0.252366811037064,14.5,0.718,0.603,-0.264,-1.418,0.664,0.798,0.781,12237.087,7.7,0.602,-0.475107404852982
Dominican Republic,2013,1599900000,0.207428693771362,14.5,0.722,0.594,-0.264,-1.418,0.356,0.785,0.781,12825.989,4.832,0.597,-0.379987013592965
Dominican Republic,2014,2385300000,0.145934492349625,14.5,0.728,0.594,-0.264,-1.418,0.356,0.785,0.781,13628.3,3.696,0.613,-0.283628305909819
Dominican Republic,2015,2227300000,0.236706420779228,14.5,0.736,0.576,-0.264,-1.418,0.356,0.771,0.781,14633.682,3.925,0.61,-0.32144933326504
Dominican Republic,2016,2516100000,0.252106040716171,18.5,0.755,0.556,-0.264,-1.418,0.606,0.771,0.824,15612.279,0.76,0.61,-0.229675320380305
Dominican Republic,2017,3597900000,0.160588473081589,16.5,0.757,0.543,-0.264,-1.418,2.032,0.792,0.824,16483.685,8.883,0.629,-0.267657198590981
Dominican Republic,2018,2744500000,0.0239203125238419,16.5,0.764,0.549,-0.264,-1.418,1.261,0.811,0.843,17293.639,3.988,0.616,-0.249061351980997
Dominican Republic,2019,2829200000,0.00530691398307681,16.5,0.771,0.543,-0.264,-1.418,0.841,0.824,0.843,17901.097,2.93,0.61,-0.218677915442522
Ecuador,1996,499680000,-0.770033240318298,10,0.674,0.704,0.228,-1.704,0.772,0.67,0.881,8151.959,24.4,0.601,-0.34205848576536
Ecuador,1997,723950000,0.575025260448456,35,0.679,0.703,0.228,-1.704,1.641,0.705,0.881,8426.378,30.6,0.61,-0.113290212933158
Ecuador,1998,869980000,-0.162388324737549,12,0.684,0.697,0.228,-1.704,0.034,0.702,0.881,8566.144,36.1,0.628,-0.334738952840778
Ecuador,1999,648410000,-0.970755875110626,25,0.683,0.692,0.228,-1.704,0.908,0.711,0.881,8500.762,52.2,0.629,0.223995318334061
Ecuador,2000,-23439367.9139981,-0.572284936904907,8.5,0.687,0.696,0.637,-1.704,2.761,0.703,0.881,8671.294,96.1,0.598,-0.537664215584972
Ecuador,2001,538568575.17,-0.416316986083984,28,0.693,0.696,0.637,-1.704,0.725,0.703,0.881,9023.277,37.7,0.551,-0.113498288219769
Ecuador,2002,783261009.55,-0.759720921516418,69,0.698,0.699,0.637,-1.704,-0.186,0.703,0.881,9517.326,12.6,0.531,-0.651844945415211
Ecuador,2003,871513414.023619,-0.961056590080261,92,0.703,0.709,0.637,-1.704,-0.186,0.714,0.881,10002.142,7.9,0.541,-0.6661852394628
Ecuador,2004,836939593.895645,-0.842910349369049,92,0.71,0.709,0.637,-1.704,-0.186,0.714,0.881,10774.234,2.74,0.544,-0.666190209207808
Ecuador,2005,493413835.545644,-0.793961822986603,69,0.715,0.709,0.637,-1.704,1.692,0.721,0.881,11502.901,2.1,0.529,-0.710501889094163
Ecuador,2006,271428852.53,-0.853825330734253,65,0.72,0.703,0.637,-0.943,0.442,0.715,0.881,12077.766,3.299,0.546,-0.86612350504328
Ecuador,2007,193872526.93,-0.815987229347229,65,0.723,0.677,1.082,-1.001,0.442,0.687,0.875,12641.274,2.276,0.553,-0.820373667944949
Ecuador,2008,1057404020.15482,-0.728682398796082,65,0.729,0.64,1.239,-1.628,0.442,0.669,0.865,13301.736,8.4,0.5523711692,-0.837051249151286
Ecuador,2009,308629890.109,-0.673675775527954,64,0.731,0.621,1.239,-1.628,0.19,0.667,0.865,13606.109,5.2,0.5248096112,-0.88632392236791
Ecuador,2010,165893320.363638,-0.586674451828003,56,0.736,0.599,1.239,-0.043,-0.129,0.678,0.865,14176.671,4,0.493,-0.818757213059522
Ecuador,2011,646084358.687904,-0.686557531356812,55.5,0.743,0.593,1.239,-1.606,-0.293,0.681,0.865,15191.159,4,0.471,-0.753194111074284
Ecuador,2012,567417300.85638,-0.570306479930878,55.5,0.751,0.6,1.239,-1.606,0.061,0.684,0.865,16077.902,8.4,0.483,-0.680779919342012
Ecuador,2013,727081206.263418,-0.178656712174416,55.5,0.755,0.545,1.39,-0.886,0.061,0.7,0.865,16946.742,9.4,0.469,-0.571676750668095
Ecuador,2014,772389946.091118,-0.0185332093387842,55.5,0.76,0.541,1.39,-1.193,-0.298,0.703,0.865,17583.663,13.961,0.48,-0.649781690650107
Ecuador,2015,1322701337.30748,-0.143955871462822,50.5,0.765,0.54,1.39,-1.193,-0.057,0.7,0.865,17595.643,4,0.492,-0.642874986415095
Ecuador,2016,764190868.12224,-0.0853579640388489,48.5,0.762,0.551,1.39,-1.426,-0.168,0.7,0.865,17521.65,19.756,0.486,-0.486165133507243
Ecuador,2017,629582412.259198,-0.0748538672924042,48.5,0.762,0.559,1.39,-1.426,0.056,0.624,0.897,17855.981,14.022,0.493,-0.504158592441552
Ecuador,2018,1389198763.14022,-0.0892776921391487,48.5,0.762,0.652,1.675,-1.448,0.309,0.646,0.897,18056.648,47.742,0.485,-0.447564662923936
Ecuador,2019,979020496.243027,-0.232956856489182,48.5,0.76,0.625,1.675,-0.397,2.465,0.636,0.897,18052.555,4.739,0.469,-0.371696372537983
El Salvador,1996,50674725.1830696,-0.215370371937752,40,0.587,0.491,1.021,-0.24,-0.597,0.733,0.222,1669.086,9.789,0.701,-0.600278268401159
El Salvador,1997,59043540.3283369,0.111168630421162,7,0.597,0.498,1.021,-0.24,-0.597,0.733,0.222,1753.219,4.416,0.705,-0.127095172749195
El Salvador,1998,1102684180.4683,0.0906790643930435,7,0.605,0.498,1.021,-0.24,-0.597,0.733,0.67,1841.028,2.62,0.702,-0.464081580379434
El Salvador,1999,215800000,-0.00711627723649144,16.5,0.609,0.508,1.021,-0.24,-0.597,0.733,0.67,1909.608,0.515,0.751,-0.201436792748603
El Salvador,2000,173400000,0.329205334186554,40,0.617,0.531,0.883,-0.24,-0.597,0.733,0.67,1984.482,2.271,0.763,-0.507826353224306
El Salvador,2001,278900000,-0.564918100833893,40,0.619,0.541,0.883,-0.24,-0.597,0.733,0.67,2054.144,3.751,0.73,-0.355600089255618
El Salvador,2002,4.7e+08,0.293994128704071,99,0.626,0.55,0.883,-0.24,-0.597,0.733,0.67,2132.5,1.866,0.73,-0.424748678660398
El Salvador,2003,141200000,-0.180753871798515,115,0.631,0.547,0.883,-0.338,-0.597,0.733,0.67,2224.795,2.12,0.715,-0.311812503287799
El Salvador,2004,363270000,-0.0691009759902954,115,0.636,0.545,0.883,-0.338,-0.597,0.775,0.67,2303.365,4.452,0.712,-0.28030162269313
El Salvador,2005,511140000,-0.0337608754634857,40,0.641,0.544,0.883,-0.338,-0.597,0.765,0.67,2431.83,4.691,0.715,-0.32859182190905
El Salvador,2006,241130000,-0.168158024549484,36,0.646,0.566,0.883,-0.536,-0.597,0.765,0.67,2568.242,4.037,0.696,-0.294990316519561
El Salvador,2007,1550510000,-0.00727073149755597,19.5,0.651,0.571,0.883,-0.536,-0.597,0.765,0.67,2687.419,4.579,0.689,-0.312634123223676
El Salvador,2008,903050000,0.0393931120634079,16.5,0.653,0.568,0.883,-0.536,-0.597,0.755,0.67,2792.077,7.257,0.68490424,-0.27758880394765
El Salvador,2009,368730000,-0.00711627723649144,16.5,0.653,0.601,0.883,-0.536,-0.597,0.732,0.67,2861.377,0.4,0.6976313197,-0.23849240709351
El Salvador,2010,-113160683.724283,0.0588422268629074,16.5,0.659,0.613,0.821,-0.536,-0.597,0.705,0.67,2984.396,1.1,0.699,-0.257106862821648
El Salvador,2011,122500004.314785,0.111001193523407,16.5,0.661,0.613,0.821,-0.536,-0.597,0.705,0.67,3163.952,5.2,0.688,-0.220903609883533
El Salvador,2012,430126687.532424,0.234583973884583,16.5,0.664,0.623,0.821,-0.536,-0.597,0.705,0.67,3261.686,-9.616,0.687,-0.271130826449629
El Salvador,2013,245179098.280128,-0.0336589030921459,16.5,0.667,0.634,0.821,-0.536,-0.597,0.627,0.765,3336.023,0.48,0.667,-0.215442384089027
El Salvador,2014,506295970.34993,-0.0245900042355061,16.5,0.666,0.671,0.821,-0.536,-0.597,0.609,0.765,3418.347,0.593,0.662,-0.115463094991773
El Salvador,2015,494541718.092298,-0.0169973652809858,16.5,0.668,0.672,0.775,-0.536,-0.597,0.604,0.765,3502.281,4.709,0.657,-0.254979481180696
El Salvador,2016,479469380.713821,-0.0992913693189621,16.5,0.671,0.677,0.775,-0.536,-0.597,0.612,0.765,3599.949,2.208,0.651,-0.36667514001114
El Salvador,2017,503801415.183001,-0.260043442249298,16.5,0.674,0.679,0.775,-0.536,-0.597,0.632,0.789,3672.875,6.61,0.641,-0.441249878364892
El Salvador,2018,412743968.360673,-0.387688457965851,16.5,0.68,0.641,0.775,-0.536,-0.597,0.699,0.794,3718.345,12.257,0.632,-0.486580224041166
El Salvador,2019,696287032.758767,-0.10641810297966,16.5,0.683,0.626,0.775,-0.536,-0.597,0.603,0.794,3667.03,9.166,0.618,-0.457254567084196
Guatemala,1996,76900000,-1.01341414451599,15,0.516,0.464,1.699,3.098,-0.831,0.779,0.26,5466.858,11.057,0.637,-0.676849600007824
Guatemala,1997,631400000,0.148469686508179,16.5,0.525,0.501,-0.89,-0.259,-1.138,0.779,0.282,5713.625,9.233,0.657,-0.74889653917438
Guatemala,1998,1346300000,-0.669719815254211,41.5,0.534,0.501,-0.89,-0.259,-1.138,0.779,0.282,6014.078,6.613,0.658,-0.594651520907457
Guatemala,1999,924600000,-0.571629285812378,36,0.542,0.503,-0.89,-0.259,-1.138,0.808,0.282,6301.091,5.214,0.662,-0.390171536189417
Guatemala,2000,-788600000,-0.768333911895752,81.3,0.55,0.553,-0.89,-0.259,-1.138,0.839,0.701,6518.493,5.978,0.643,-0.59068929895575
Guatemala,2001,-936494410.38247,-1.3547910451889,59,0.556,0.553,-0.89,-0.259,-1.138,0.839,0.701,6715.808,7.287,0.651,-0.632310481456696
Guatemala,2002,-1016996773.78154,-0.834293127059937,31,0.561,0.553,-0.89,-0.259,-1.138,0.839,0.701,6987.021,8.133,0.623,-0.59572195872323
Guatemala,2003,19488617.59936,-0.774796605110168,41,0.566,0.556,-0.636,-0.259,-1.138,0.839,0.701,7200.978,5.606,0.623,-0.688917155562061
Guatemala,2004,321400000,-0.808034837245941,41,0.571,0.57,-0.799,-0.259,-1.138,0.802,0.701,7459.835,7.577,0.596,-0.685812066930632
Guatemala,2005,5.4e+08,-0.835618197917938,41,0.574,0.57,-0.799,-0.259,-1.138,0.802,0.701,7771.256,9.107,0.595,-0.725730640762734
Guatemala,2006,635300000,-0.735238790512085,37,0.581,0.57,-0.799,-0.259,-1.138,0.802,0.707,8157.971,6.561,0.591,-0.715953262257876
Guatemala,2007,859200000,-0.753424942493439,36,0.59,0.576,-0.799,-0.259,-1.138,0.802,0.707,8559.951,6.822,0.605,-0.707008288969791
Guatemala,2008,731386670,-0.713971555233002,36,0.596,0.59,-0.799,-0.259,-1.138,0.793,0.707,8867.751,11.356,0.597622431,-0.680673699944703
Guatemala,2009,499821250,-0.925672590732574,36,0.6,0.591,-0.799,-0.259,0.502,0.793,0.702,9148.149,1.9,0.5939789106,-0.621774427420522
Guatemala,2010,1102460180,-0.852924466133118,36,0.605,0.586,-0.799,-0.259,-1.001,0.789,0.701,9531.68,3.9,0.61,-0.591566187602094
Guatemala,2011,876760590,-0.744141399860382,36,0.611,0.586,-0.799,-0.259,-1.001,0.792,0.701,9906.466,9.6,0.619,-0.636143783021952
Guatemala,2012,1399819890,-0.633820176124573,36,0.616,0.576,-0.799,-0.259,-0.85,0.79,0.701,10260.873,2.987,0.609,-0.706641054882785
Guatemala,2013,1522143500,-0.674156248569489,26.5,0.62,0.578,-0.799,-0.259,-0.85,0.804,0.701,10622.023,1.9,0.6,-0.693296507497042
Guatemala,2014,1407555280,-0.655563533306122,26.5,0.637,0.582,-0.799,-0.259,-1.022,0.804,0.701,11048.825,11.704,0.612,-0.658884007681059
Guatemala,2015,1203355080,-0.655060231685638,26.5,0.639,0.599,-0.645,-0.259,2.462,0.757,0.701,11533.028,0.613,0.604,-0.648624533515704
Guatemala,2016,845786560,-0.542592644691467,26.5,0.639,0.631,-0.39,-0.259,1.11,0.725,0.701,11859.97,2.779,0.618,-0.654301212306526
Guatemala,2017,998344470,-0.650674939155579,26.5,0.64,0.624,-0.39,-0.259,-0.263,0.739,0.712,12282.007,25.869,0.63,-0.691281704556284
Guatemala,2018,922397870,-0.538353621959686,15,0.64,0.589,-0.39,-0.259,-0.263,0.782,0.65,12586.026,3.977,0.634,-0.695143323414692
Guatemala,2019,1170758860,-0.573592245578766,15,0.642,0.564,-0.39,-0.259,-0.263,0.782,0.65,12842.36,8.802,0.626,-0.727240870450391
Guyana,1996,5.9e+07,-0.266413539648056,12,0.559,0.445,0.996,-1.283,-0.656,0.447,0.878,379.79,7.095,0.501,-0.0900667196367391
Guyana,1997,5.2e+07,-0.965524911880493,99,0.564,0.456,1.386,-1.274,-0.656,0.566,0.878,400.443,3.556,0.532,-0.328162036117389
Guyana,1998,4.4e+07,0.123369120061398,55,0.569,0.531,0.991,-1.002,-0.656,0.53,0.878,405.268,4.586,0.527,-0.0950823009304759
Guyana,1999,4.6e+07,-0.853825330734253,42,0.573,0.528,0.991,-1.348,-0.656,0.512,0.878,413.121,7.538,0.533,-0.486164781107064
Guyana,2000,67100000,-0.48681977391243,4,0.577,0.526,0.991,-1.348,-0.656,0.572,0.878,420.019,6.149,0.524,-0.142032275269845
Guyana,2001,5.6e+07,-0.250177979469299,22,0.584,0.557,1.23,-1.148,-0.656,0.572,0.878,437.823,2.627,0.533,-0.590733004435507
Guyana,2002,43600000,-0.561520338058472,18,0.59,0.572,1.23,-0.568,-0.788,0.572,0.878,462.075,5.341,0.543,-0.212348480427622
Guyana,2003,26100000,-0.436319321393967,42,0.598,0.59,0.988,-0.568,-0.963,0.572,0.878,485.101,5.981,0.503,-0.2210709429795
Guyana,2004,3e+07,-0.554896175861359,42,0.612,0.59,0.988,-0.658,-0.963,0.572,0.878,510.411,4.668,0.53,-0.27361974139835
Guyana,2005,76800000,-0.454965949058533,42,0.622,0.59,0.988,-0.658,-0.963,0.572,0.878,533.518,6.926,0.565,-0.456518856306183
Guyana,2006,102400000,-0.734118461608887,42,0.631,0.586,1.232,-0.658,-0.963,0.572,0.878,568.744,6.579,0.566,-0.368803758924822
Guyana,2007,152400000,-0.559686779975891,37,0.638,0.584,0.987,-0.658,-0.963,0.572,0.878,604.516,12.304,0.537,-0.256658876528464
Guyana,2008,1.78e+08,-0.633931934833527,38,0.644,0.585,0.987,-0.846,-0.963,0.572,0.878,623.004,8.1,0.4876823518,-0.339657623600818
Guyana,2009,1.64e+08,-0.62998104095459,27,0.649,0.583,0.987,-0.846,-0.963,0.572,0.878,645.016,2.913,0.4840594329,-0.332523232839467
Guyana,2010,1.98e+08,-0.458965748548508,23,0.656,0.587,0.987,-1.138,-0.524,0.572,0.913,673.757,2.083,0.484,-0.28601114520745
Guyana,2011,246800000,-0.434282511472702,19,0.665,0.586,1.211,-1.341,-0.524,0.572,0.913,706.361,-2.407,0.494,-0.311957232247187
Guyana,2012,277910000,-0.499614059925079,18,0.669,0.591,0.987,-1.341,-0.261,0.572,0.913,743.515,8.1,0.513,-0.33849492206993
Guyana,2013,200558390,-0.45660674571991,18,0.673,0.62,0.987,-1.341,-0.47,0.563,0.884,765.623,5.304,0.538,-0.319696139728104
Guyana,2014,237750048.55,-0.136097595095634,18,0.681,0.616,0.987,-1.341,-0.47,0.563,0.884,782.775,3.983,0.557,-0.386987210862849
Guyana,2015,137700000,-0.13965080678463,18,0.684,0.654,0.987,-0.799,-0.47,0.416,0.884,804.008,6.579,0.555,-0.34962686523648
Guyana,2016,162654036.352959,-0.0260626748204231,18,0.691,0.667,1.216,-2.024,-0.47,0.393,0.884,827.778,5.095,0.554,-0.17092706674557
Guyana,2017,327343651.21783,-0.0430738143622875,18,0.695,0.675,0.934,-2.024,-0.47,0.42,0.884,866.756,46.89,0.585,-0.187224445827556
Guyana,2018,1180405596.06866,-0.187760606408119,18,0.701,0.675,0.934,-2.024,-0.47,0.377,0.861,906.391,7.036,0.587,-0.193951945062853
Guyana,2019,1695179887,-0.246419206261635,18,0.708,0.651,0.934,-1.664,-0.303,0.381,0.861,934.555,4.01,0.568,-0.241808984525652
Haiti,1996,4100000,-0.756698846817017,38.5,0.45,0.423,0.697,1.019,0.519,0.841,0.469,1317.538,20.584,0.41,-1.07460665705918
Haiti,1997,4e+06,-2.00786924362183,141,0.455,0.435,0.697,1.019,0.519,0.813,0.469,1372.68,20.559,0.458,-1.17113967508923
Haiti,1998,10760000,-0.942441284656525,134,0.46,0.437,0.846,1.019,0.519,0.813,0.469,1414.07,10.634,0.457,-1.13432026063847
Haiti,1999,3e+07,-0.942441284656525,15,0.466,0.437,0.846,1.019,0.519,0.813,0.469,1472.007,8.671,0.459,-1.08324213818182
Haiti,2000,13250000,-0.628624498844147,97,0.47,0.434,1.122,1.261,1.611,0.813,0.469,1523.457,13.708,0.457,-1.17299341803894
Haiti,2001,4400000,-1.41644358634949,26,0.472,0.409,1.122,1.261,1.096,0.836,0.469,1522.108,14.173,0.471,-0.351973917584774
Haiti,2002,5700000,-1.25585794448853,8.5,0.476,0.407,1.122,1.308,1.096,0.836,0.469,1521.166,9.853,0.479,-1.40598353693166
Haiti,2003,13800000,-1.31542313098907,260,0.482,0.403,1.122,1.308,1.579,0.836,0.469,1521.685,39.281,0.506,-1.46588312236459
Haiti,2004,5900000,-1.98454308509827,202,0.479,0.246,1.122,1.687,2.103,0.823,0.469,1508.682,22.812,0.512,-1.55038454298153
Haiti,2005,2.6e+07,-1.80439794063568,202,0.49,0.239,1.059,1.618,1.588,0.832,0.469,1524.347,15.729,0.484,-1.38056255362406
Haiti,2006,160600000,-1.39154350757599,202,0.494,0.367,0.838,1.184,1.643,0.794,0.469,1555.736,13.066,0.492,-1.17972991447183
Haiti,2007,74500000,-1.31972801685333,202,0.499,0.45,0.838,0.891,0.152,0.836,0.469,1615.757,8.529,0.514,-1.14313259105599
Haiti,2008,29800000,-1.38310325145721,224,0.503,0.45,0.838,0.891,0.152,0.836,0.469,1640.906,15.52,0.4898120493,-1.09032675914822
Haiti,2009,55470000,-0.957430124282837,224,0.508,0.445,0.838,0.891,0.4,0.836,0.469,1690.862,-0.015,0.5049443692,-1.16334779127906
Haiti,2010,1.78e+08,-0.940315425395966,134,0.433,0.441,0.838,0.891,0.592,0.849,0.445,1664.335,5.697,0.508,-1.24903193315471
Haiti,2011,1.19e+08,-0.990167558193207,134,0.512,0.417,0.911,0.891,0.592,0.856,0.445,1711.369,5.669,0.521,-1.28843311445199
Haiti,2012,1.56e+08,-0.78809267282486,134,0.517,0.429,1.143,0.891,0.417,0.854,0.445,1736.614,5.561,0.507,-1.22813151284475
Haiti,2013,161918586.25,-0.631015360355377,97,0.521,0.423,1.143,0.891,0.417,0.838,0.445,1784.678,8.671,0.481,-1.178112790038
Haiti,2014,9.9e+07,-0.643627285957336,97,0.525,0.423,1.143,0.891,0.417,0.85,0.445,1843.513,128.419,0.489,-1.28189151912731
Haiti,2015,105680000,-0.670838177204132,97,0.529,0.404,1.143,1.169,2.089,0.862,0.445,1896.143,13.708,0.513,-1.28651303268712
Haiti,2016,104900000,-0.743788063526154,97,0.532,0.394,1.143,1.169,1.011,0.839,0.445,1917.794,20.64,0.513,-1.24814982585375
Haiti,2017,374860000,-0.674481213092804,97,0.539,0.401,1.143,1.236,1.206,0.853,0.428,1927.469,7.324,0.496,-1.27296641960591
Haiti,2018,1.05e+08,-0.639761328697205,97,0.541,0.411,1.143,1.258,2.21,0.893,0.428,1930.135,5.588,0.558,-1.21447307604923
Haiti,2019,7.5e+07,-0.891515016555786,97,0.543,0.407,1.143,1.258,2.8,0.885,0.385,1918.957,5.306,0.527,-1.21746683618183
Honduras,1996,90900000,-0.470392346382141,54,0.539,0.555,-2.598,-2.278,-1.633,0.85,0.866,2096.336,23.8,0.566,-0.745893241001379
Honduras,1997,121500000,-0.470392346382141,52,0.544,0.554,-2.598,-2.278,-1.633,0.85,0.866,2169.511,20.2,0.56,-0.370049917284398
Honduras,1998,9.9e+07,0.0296584647148848,61,0.527,0.552,-2.598,-2.278,-1.633,0.85,0.866,2245.793,13.7,0.562,-0.637156915144906
Honduras,1999,237300000,-0.409486442804337,72,0.55,0.554,-2.598,-2.278,-1.633,0.85,0.866,2259.548,11.6,0.567,-0.681650852627806
Honduras,2000,349978000,-0.0785963833332062,61,0.556,0.554,-2.598,-2.278,-1.633,0.845,0.866,2361.762,11,0.576,-0.696686957698573
Honduras,2001,309826700,-0.182534769177437,6,0.559,0.554,-2.598,-2.278,-1.155,0.845,0.866,2438.411,9.7,0.57,-0.58581445248426
Honduras,2002,287314900,-0.252441436052322,31,0.563,0.558,-2.598,-2.278,-1.628,0.849,0.866,2542.78,7.7,0.587,-0.67676702375671
Honduras,2003,390166272.910663,-0.379858076572418,61,0.567,0.569,-2.598,-2.278,-1.628,0.849,0.866,2658.004,7.7,0.604,-0.721761808205867
Honduras,2004,592120092.945897,-0.391061931848526,61,0.572,0.569,-2.598,-2.278,-1.135,0.849,0.866,2799.286,8.1,0.553,-0.653478020349292
Honduras,2005,601059572.180071,-0.623264193534851,69,0.577,0.564,-2.598,-2.278,-1.135,0.849,0.866,2966.731,8.1,0.553,-0.61363458797923
Honduras,2006,717591908.177828,-0.66790372133255,57,0.581,0.521,-1.72,-2.278,-1.361,0.849,0.866,3131.94,5.615,0.574,-0.676746512569588
Honduras,2007,966926354.327952,-0.43703019618988,20,0.586,0.523,-1.72,-2.278,-2.039,0.851,0.866,3294.501,6.908,0.591,-0.596698787729416
Honduras,2008,1200798087.04613,-0.527115523815155,20,0.591,0.519,-1.72,-2.278,-2.039,0.851,0.866,3399.229,11.46,0.5890925258,-0.662126512558976
Honduras,2009,494497450.521718,-0.308192104101181,14,0.594,0.45,0.446,-0.129,0.312,0.851,0.866,3438.637,8.672,0.5866948982,-0.649612418005548
Honduras,2010,607376418.071288,-0.496909588575363,43,0.597,0.411,1.027,-0.586,0.199,0.852,0.866,3555.71,4.559,0.583,-0.618736373732982
Honduras,2011,1042571020.7703,-0.390435367822647,43,0.6,0.421,0.788,-0.871,-1.154,0.855,0.866,3671.919,3.433,0.586,-0.580923508785275
Honduras,2012,1081346795.58822,-0.350115597248077,43,0.599,0.419,0.072,-0.871,-1.36,0.855,0.866,3818.19,9.93,0.588,-0.756197157652363
Honduras,2013,1069029263.15978,-0.438611596822739,43,0.603,0.421,0.072,-0.871,-0.662,0.852,0.866,3932.895,2.157,0.584,-0.773159391158477
Honduras,2014,1704790710.03868,-0.534083962440491,43,0.606,0.447,-0.341,-0.871,-1.2,0.852,0.866,4100.742,9.591,0.571,-0.690700155934361
Honduras,2015,1316679827.33597,-0.468914419412613,41,0.613,0.442,-0.341,-0.871,0.077,0.852,0.866,4287.719,7.254,0.574,-0.647624960024825
Honduras,2016,1147030449.99683,-0.433312118053436,42,0.618,0.441,-0.341,0.051,-1.196,0.852,0.843,4500.801,5.7,0.577,-0.745276386145924
Honduras,2017,949955941.517779,-0.564918100833893,42,0.617,0.427,0.619,0.048,0.59,0.847,0.843,4692.654,8.672,0.588,-0.65623272694908
Honduras,2018,1442587576.2096,-0.53079754114151,42,0.617,0.372,1.002,-1.594,-0.25,0.849,0.843,4828.994,9.6,0.606,-0.664986286571141
Honduras,2019,955095297.980428,-0.575151562690735,42,0.632,0.374,1.002,-1.415,-0.556,0.844,0.795,4926.058,-1.288,0.602,-0.701362150993094
Jamaica,1996,135700000,0.110229268670082,7,0.669,0.639,-1.405,0.995,-1.769,0.183,0.839,1780.246,26.407,0.667,0.0951922020945762
Jamaica,1997,155700000,-0.250100612640381,31,0.668,0.649,-1.405,0.475,-1.769,0.183,0.839,1783.919,9.658,0.677,0.585751035415377
Jamaica,1998,322100000,0.083308145403862,16.5,0.666,0.683,-1.405,0.475,-1.284,0.183,0.839,1797.984,8.632,0.671,0.153780951885374
Jamaica,1999,474700000,-0.298737347126007,12,0.667,0.683,-1.405,0.475,-1.403,0.183,0.839,1822.015,5.954,0.647,0.245047960545842
Jamaica,2000,419600000,0.186396479606628,8,0.664,0.689,-1.23,0.176,-1.576,0.183,0.839,1843.595,8.171,0.655,-0.015797106391713
Jamaica,2001,576500000,-0.384524792432785,8,0.673,0.689,-1.23,0.252,-1.576,0.183,0.839,1877.004,6.991,0.637,-0.0506490210001685
Jamaica,2002,443800000,-0.208229526877403,31,0.677,0.707,-1.23,-0.111,-1.576,0.183,0.839,1913.529,7.077,0.617,-0.0744939611840997
Jamaica,2003,683500000,-0.384524792432785,31,0.671,0.751,-1.23,-0.111,-1.576,0.183,0.839,1981.129,10.322,0.67,-0.12229573659678
Jamaica,2004,559365888.026738,-0.34566855430603,31,0.687,0.751,-1.23,-0.111,-1.576,0.183,0.839,2025.091,13.626,0.667,-0.0546008318502518
Jamaica,2005,637901995.872958,-0.298737347126007,8,0.69,0.76,-1.23,-0.111,-1.576,0.183,0.839,2071.011,15.296,0.67,-0.113881381456011
Jamaica,2006,842342788.336148,-0.320163667201996,8,0.694,0.769,-1.23,-0.111,-1.576,0.183,0.839,2122.55,8.592,0.664,0.00379119839393618
Jamaica,2007,811902426.322257,-0.256037086248398,8,0.697,0.774,-1.23,-0.111,-1.576,0.183,0.839,2156.299,9.293,0.655,0.0560771055554679
Jamaica,2008,1376602630.06182,-0.307299733161926,8,0.7,0.785,-1.23,-0.111,-1.576,0.183,0.839,2140.397,22.021,0.6569585767,0.072942960259242
Jamaica,2009,485164640.147181,-0.363817691802979,8,0.7,0.785,-1.23,-0.111,-1.576,0.183,0.839,2108.406,9.574,0.6515870997,0.0151640726820145
Jamaica,2010,185775630.598887,-0.4295414686203,8,0.704,0.785,-1.364,-0.439,-1.576,0.183,0.839,2087.513,12.61,0.655,0.0131359311644443
Jamaica,2011,172757165.409787,-0.0629833340644836,7,0.709,0.779,-1.364,-0.498,-1.576,0.183,0.839,2102.902,12.61,0.657,0.0544040198186658
Jamaica,2012,413333448.071632,0.12050811201334,7,0.713,0.784,-1.364,-0.498,-1.576,0.181,0.839,2112.062,11.46,0.651,-0.0200008079629086
Jamaica,2013,544747561.767059,0.182374373078346,6,0.714,0.805,-1.364,-0.498,-1.576,0.141,0.874,2121.31,8.171,0.668,-0.000336844240313421
Jamaica,2014,582148741.614112,0.0244925320148468,15,0.714,0.805,-1.364,-0.498,-1.576,0.141,0.874,2137.272,9.658,0.667,0.0491365395394344
Jamaica,2015,924977863.710038,0.0964844822883606,3,0.713,0.805,-1.364,-0.498,-1.576,0.141,0.874,2165.327,4.139,0.677,0.115911797717916
Jamaica,2016,927976718.982491,0.307683944702148,10,0.712,0.81,-1.364,-0.498,-1.576,0.137,0.874,2213.07,6.513,0.675,0.192937778852832
Jamaica,2017,888835228.478601,0.309247434139252,3,0.715,0.816,-1.364,-0.498,-1.576,0.137,0.874,2266.792,6.551,0.695,0.223508644294464
Jamaica,2018,774620603.11409,0.432927042245865,3,0.716,0.812,-1.364,-0.498,-1.576,0.131,0.874,2305.412,0.314,0.691,0.199295891609423
Jamaica,2019,665415555.002522,0.397309541702271,3,0.719,0.815,-1.364,-0.498,-1.106,0.131,0.874,2330.973,8.171,0.686,0.172696805360735
Mexico,1996,9185600000,-0.925459146499634,35,0.681,0.511,-0.318,-0.357,0.645,0.662,0.759,120465.905,34.378,0.612,-0.21267658016134
Mexico,1997,12829800000,-0.726463437080383,12,0.688,0.56,-0.792,-0.357,0.941,0.645,0.759,128107.672,20.626,0.571,-0.223022818525325
Mexico,1998,12756764558,-0.423062264919281,34,0.696,0.599,-0.792,-0.481,0.634,0.644,0.759,134085.65,15.928,0.579,-0.0608736438415634
Mexico,1999,13941043232,-0.0797712132334709,11,0.702,0.605,-0.792,-0.481,0.634,0.644,0.759,140121.037,16.586,0.585,-0.00040654752180519
Mexico,2000,18382284821,-0.200209870934486,10,0.709,0.667,-0.714,-0.311,1.257,0.549,0.759,145205.837,9.492,0.593,0.0311226738152598
Mexico,2001,30060020323,0.274199098348618,12.5,0.712,0.684,-0.714,-0.378,0.975,0.545,0.759,146993.282,6.368,0.606,0.0476965283881591
Mexico,2002,20160111120,-0.0583082623779774,45,0.719,0.694,-0.714,-0.378,0.975,0.567,0.759,148549.323,5.031,0.63,0.0541159316889449
Mexico,2003,18157929031,-0.11687808483839,12,0.725,0.702,-0.714,-0.378,0.975,0.612,0.759,151035.138,4.547,0.653,0.00955421551525814
Mexico,2004,25141309948,-0.214082449674606,9.5,0.73,0.71,-0.714,-0.378,1.077,0.612,0.759,156577.853,4.688,0.66,-0.0344572735260555
Mexico,2005,25161491620,-0.445820868015289,35,0.733,0.71,-0.714,-0.378,1.077,0.612,0.759,162093.745,3.988,0.652,-0.0637790569350231
Mexico,2006,22124412067,-0.636888444423676,39,0.741,0.675,-0.346,-0.222,1.443,0.611,0.759,167391.97,3.629,0.647,-0.0733779010557592
Mexico,2007,31019303435,-0.729851603507996,12,0.743,0.644,-0.346,-0.222,0.824,0.611,0.759,171691.031,3.967,0.66,-0.0848811319972786
Mexico,2008,29752319283,-0.804012358188629,11.5,0.745,0.643,-0.346,-0.222,1.095,0.611,0.759,174203.808,5.125,0.6615191379,-0.145251030699266
Mexico,2009,19651356936,-0.686627805233002,41.5,0.745,0.641,-0.535,-0.106,0.823,0.611,0.759,171738.827,5.3,0.6580614758,-0.118174824043415
Mexico,2010,30524718410,-0.726463437080383,31.4,0.746,0.649,-0.765,0.321,1.021,0.637,0.759,178865.495,4.2,0.683,-0.140464426998302
Mexico,2011,23894614076,-0.667768597602844,5.5,0.752,0.647,-0.765,-0.121,1.332,0.637,0.759,185824.148,8.68,0.678,-0.106420092758663
Mexico,2012,18231583791,-0.662454187870026,8.4,0.76,0.645,-0.579,-0.121,1.644,0.662,0.759,192272.433,5.3,0.653,-0.0606691057877416
Mexico,2013,50927442383,-0.714223802089691,8.4,0.76,0.618,-0.76,-0.121,1.333,0.771,0.759,196479.952,4.832,0.67,-0.0836574920103556
Mexico,2014,28438090879,-0.853918790817261,8.4,0.764,0.618,-0.76,-0.121,0.775,0.771,0.759,201281.185,4.2,0.668,-0.115630406312915
Mexico,2015,36249851967,-0.798699080944061,8.4,0.768,0.636,-0.602,-0.121,1.641,0.74,0.759,208135.615,7.724,0.664,-0.14165932137996
Mexico,2016,38897902237,-0.62906938791275,8.4,0.772,0.634,-0.136,-0.121,0.756,0.74,0.759,213083.541,3.967,0.652,-0.224392103788346
Mexico,2017,33109257846,-0.797446548938751,8.4,0.775,0.626,-0.316,-0.121,1.041,0.701,0.786,219230.045,5.125,0.636,-0.268740927114043
Mexico,2018,37853446036,-0.648208022117615,8.4,0.777,0.671,0.384,-0.121,0.907,0.677,0.818,224761.792,6.39,0.648,-0.359218104836806
Mexico,2019,29896286006,-0.836903512477875,8.4,0.779,0.671,1.37,-0.121,0.681,0.599,0.838,224999.494,4.416,0.647,-0.374091115682899
Nicaragua,1996,1.2e+08,-0.517743170261383,18,0.532,0.682,0.569,-0.695,-1.502,0.662,0.708,1508.477,12.1,0.541,-0.38979325892564
Nicaragua,1997,203400000,0.168790400028229,72,0.542,0.637,0.569,-0.695,-1.502,0.809,0.708,1576.853,7.3,0.533,-0.944363122750879
Nicaragua,1998,218200000,-0.492162376642227,55,0.544,0.637,0.569,-1.072,-1.502,0.809,0.708,1647.559,18.5,0.538,-0.488620198555827
Nicaragua,1999,337300000,-0.271886348724365,37,0.559,0.598,0.569,-1.072,-1.502,0.809,0.708,1738.957,7.2,0.54,-0.646244838369129
Nicaragua,2000,266500000,-0.066172294318676,39,0.566,0.594,-0.417,-0.681,-1.203,0.809,0.708,1800.696,9.9,0.569,-0.621766243785855
Nicaragua,2001,150200000,0.0810932070016861,9,0.571,0.596,-0.417,-0.681,-1.203,0.739,0.708,1851.895,4.7,0.58,-0.322519531056685
Nicaragua,2002,203900000,-0.0931836739182472,47,0.575,0.61,0.085,-0.681,-0.88,0.736,0.708,1892.79,4,0.611,-0.53121028264648
Nicaragua,2003,201300000,-0.368299216032028,47,0.578,0.603,0.085,-0.681,-0.427,0.736,0.708,1941.278,6.6,0.626,-0.458674943058059
Nicaragua,2004,2.5e+08,-0.341314166784287,40,0.582,0.603,0.085,-0.681,-0.427,0.76,0.708,2026.083,9.3,0.614,-0.54650820965202
Nicaragua,2005,241100000,-0.339232921600342,40,0.588,0.603,0.085,-0.681,-0.427,0.76,0.708,2098.922,9.6,0.625,-0.517934742072907
Nicaragua,2006,286800000,-0.267819613218308,40,0.593,0.569,0.169,-0.917,-0.961,0.764,0.708,2185.888,9.14,0.638,-0.600433742849793
Nicaragua,2007,381700000,-0.120370902121067,39,0.599,0.463,0.169,-0.542,-1.349,0.856,0.713,2279.267,11.127,0.627,-0.650018629612475
Nicaragua,2008,627300000,-0.222542554140091,39,0.605,0.446,0.169,-0.542,-1.349,0.854,0.713,2353.676,19.826,0.6078871224,-0.653106684236245
Nicaragua,2009,433900000,-0.305793792009354,39,0.606,0.444,0.169,-0.542,-1.349,0.854,0.713,2363.015,3.7,0.5977611107,-0.65203531919071
Nicaragua,2010,489900000,-0.499709248542786,39,0.614,0.437,0.016,-0.219,-0.656,0.846,0.713,2445.041,5.706,0.583,-0.660325312283492
Nicaragua,2011,936300000,-0.269735813140869,39,0.622,0.428,0.016,-0.219,-0.656,0.846,0.713,2569.339,8.672,0.588,-0.605419496548667
Nicaragua,2012,775700000,-0.348777562379837,39,0.629,0.37,0.016,-0.219,-0.656,0.846,0.713,2696.874,12.126,0.579,-0.608671385598244
Nicaragua,2013,965100000,-0.249215871095657,37,0.634,0.321,0.016,-0.219,-0.23,0.869,0.755,2826.569,5.706,0.566,-0.552275793791194
Nicaragua,2014,1076800000,-0.0407801233232021,14,0.641,0.319,0.016,-0.219,-0.23,0.871,0.755,2971.298,3.285,0.584,-0.611424190880968
Nicaragua,2015,9.67e+08,-0.086607538163662,14,0.647,0.32,0.016,-0.219,-0.476,0.877,0.755,3138.911,12.43,0.576,-0.61856537498832
Nicaragua,2016,989100000,-0.0887977480888367,14,0.653,0.308,0.016,-0.219,-0.349,0.877,0.755,3291.931,1.227,0.586,-0.570567696604476
Nicaragua,2017,1035400000,-0.0488942191004753,14,0.659,0.284,0.016,-0.219,-0.555,0.88,0.774,3414.546,6.862,0.592,-0.579459680219383
Nicaragua,2018,837600000,-0.95239245891571,14,0.662,0.231,1.768,2.065,2.674,0.898,0.752,3352.956,3.7,0.589,-0.840126151245649
Nicaragua,2019,5.03e+08,-1.00479376316071,14,0.664,0.221,1.768,1.925,1.373,0.903,0.755,3285.6,4.367,0.577,-0.886176831205688
Panama,1996,428300000,0.123815298080444,16,0.697,0.715,-0.797,-1.574,-0.319,0.58,0.875,2613.489,1.264,0.718,0.162462823254121
Panama,1997,1312200000,-0.0992913693189621,12.5,0.703,0.715,-0.797,-1.574,-0.319,0.58,0.875,2798.417,1.255,0.724,0.189795061989272
Panama,1998,1315200000,0.370574235916138,12,0.71,0.702,-0.797,-1.574,-0.319,0.58,0.875,2989.403,0.628,0.726,0.260985330478681
Panama,1999,1043500000,0.0622795186936855,2,0.715,0.704,-0.694,-1.574,-0.319,0.58,0.875,3126.235,1.3,0.726,0.111634637908096
Panama,2000,827800000,0.251223832368851,18,0.721,0.731,-0.694,-1.574,-0.319,0.58,0.875,3215.134,1.446,0.716,0.150656609214706
Panama,2001,606800000,0.251223832368851,12,0.726,0.739,-0.694,-1.574,-0.319,0.58,0.875,3309.37,0.314,0.706,0.122583983765027
Panama,2002,247100000,0.345927983522415,25,0.733,0.739,-0.694,-1.574,-0.319,0.58,0.875,3429.035,0.998,0.685,0.118967875027801
Panama,2003,1050600000,0.073229543864727,18,0.737,0.739,-0.694,-1.574,-0.319,0.58,0.875,3646.994,0.593,0.684,0.0358273053150935
Panama,2004,1277900000,0.0841383635997772,18,0.743,0.739,-0.757,-1.574,-0.319,0.58,0.875,3906.744,0.466,0.653,0.0635289912437785
Panama,2005,1104400000,-0.157522633671761,18,0.749,0.739,-0.757,-1.574,-0.319,0.58,0.875,4231.49,2.867,0.643,0.0726218882528888
Panama,2006,2944300000,-0.0679050013422966,18,0.754,0.739,-0.757,-1.574,-0.319,0.58,0.875,4579.079,2.462,0.656,0.0793231102230859
Panama,2007,2.224e+09,-0.0613481253385544,18,0.763,0.739,-0.757,-1.574,-0.319,0.58,0.875,4900.237,4.162,0.646,0.10282238413864
Panama,2008,2.39e+09,-0.0977801457047462,12,0.767,0.739,-0.757,-1.574,-0.319,0.58,0.875,5279.74,8.759,0.6469538565,0.166865983438761
Panama,2009,1085500000,0.0622795186936855,12,0.769,0.742,-0.669,-1.574,-0.319,0.58,0.875,5576.599,2.411,0.6472089783,0.130997147791127
Panama,2010,2549100000,-0.116048209369183,9,0.773,0.744,-0.669,-1.574,-0.319,0.58,0.875,5976.775,3.434,0.648,0.147710838069251
Panama,2011,4395600000,-0.028218861669302,8,0.779,0.744,-0.669,-1.574,-0.319,0.58,0.875,6523.889,52.2,0.649,0.203341048392953
Panama,2012,3381900000,-0.179432675242424,7,0.785,0.744,-0.669,-1.574,-0.319,0.58,0.875,7206.47,4.02,0.652,0.121059767211344
Panama,2013,3.799e+09,-0.141260921955109,6,0.79,0.75,-0.669,-1.574,-0.319,0.578,0.895,7833.664,2.9,0.625,0.104485274126883
Panama,2014,4984400000,0.209008201956749,6,0.794,0.744,-0.669,-1.574,-0.319,0.578,0.895,8416.336,30.6,0.634,0.186851128012281
Panama,2015,5119300000,0.386077255010605,6,0.8,0.755,-0.669,-1.574,-0.319,0.578,0.895,9009.621,5.389,0.641,0.162627564790209
Panama,2016,5248354450.21,0.411430060863495,6,0.805,0.755,-0.669,-1.574,-0.319,0.578,0.895,9639.838,0.606,0.648,0.186438183123611
Panama,2017,4082062468.94,0.389816969633102,6,0.811,0.739,-0.669,-1.574,-0.319,0.55,0.895,10261.916,1.29,0.663,0.13247405844101
Panama,2018,5011326420.84,0.260900378227234,6,0.814,0.731,-0.473,-1.574,-0.319,0.507,0.765,10643.718,8.82,0.67,0.050939454509989
Panama,2019,4219287511.58,0.303619921207428,6,0.817,0.734,-0.767,-1.574,-0.319,0.505,0.794,10994.848,13.758,0.672,0.0534070709713327
Paraguay,1996,139800000,-0.459796816110611,10,0.632,0.529,-1.015,-0.422,0.231,0.894,0.753,2979.656,9.798,0.671,-0.651946245264264
Paraguay,1997,230900000,-0.746503591537476,19,0.638,0.535,-1.015,-0.422,0.231,0.894,0.753,3054.869,6.95,0.673,-0.901868466533234
Paraguay,1998,340600000,-0.746503591537476,35,0.644,0.541,-1.015,-0.422,0.231,0.894,0.753,3082.15,11.554,0.652,-0.80188059799094
Paraguay,1999,87200000,0.307698369026184,93,0.649,0.544,-0.929,-0.422,0.231,0.896,0.753,3042.612,6.751,0.637,-0.249455279422754
Paraguay,2000,107800000,-0.970572590827942,25,0.649,0.544,-1.01,-0.422,0.244,0.871,0.753,3007.864,8.984,0.64,-0.909355355105589
Paraguay,2001,99200000,-0.834862232208252,37,0.655,0.544,-1.01,-0.422,0.244,0.871,0.753,3074.689,7.268,0.603,-0.667172643282927
Paraguay,2002,90400000,-1.21135127544403,72,0.662,0.544,-1.01,-0.422,0.244,0.871,0.753,3372.106,10.513,0.596,-0.964345251099883
Paraguay,2003,-57700000,-0.749351561069489,72,0.655,0.573,-1.062,-0.422,0.244,0.826,0.771,3548.669,14.224,0.582,-0.940122237331994
Paraguay,2004,93979000,-0.566143751144409,72,0.662,0.603,-1.062,-0.422,0.244,0.811,0.771,3688.19,4.327,0.567,-0.90154445601135
Paraguay,2005,7300000,-0.652078151702881,72,0.664,0.603,-1.062,-0.422,0.244,0.811,0.771,3756.991,6.807,0.534,-0.847643123097558
Paraguay,2006,187800000,-0.776525020599365,72,0.664,0.603,-1.062,-0.422,0.244,0.811,0.771,3932.578,9.591,0.556,-0.836076473715922
Paraguay,2007,1.05e+08,-0.74012291431427,34,0.669,0.603,-1.062,-0.422,-0.005,0.81,0.771,4166.458,8.129,0.583,-0.795939990515287
Paraguay,2008,341856543.974556,-0.727450251579285,35,0.679,0.625,-1.006,-0.422,-0.022,0.76,0.771,4448.924,10.152,0.5999998922,-0.72380005231783
Paraguay,2009,155610305.838181,-0.883586049079895,35,0.677,0.64,-1.069,-0.422,-0.417,0.76,0.771,4651.181,2.594,0.6099967047,-0.66542926017454
Paraguay,2010,707404456.617864,-0.834862232208252,35,0.685,0.645,-1.069,-0.422,-0.417,0.76,0.771,5069.856,4.572,0.613,-0.632670289017746
Paraguay,2011,603095388.524793,-0.692596554756165,35,0.696,0.634,-1.069,-0.422,0.21,0.76,0.771,5340.34,4.572,0.623,-0.597747784570015
Paraguay,2012,772598280.623824,-0.871902167797089,35,0.702,0.615,-0.937,-0.422,0.648,0.805,0.771,5482.746,1.78,0.618,-0.632872285750052
Paraguay,2013,365880286.922268,-0.735861599445343,35,0.715,0.592,-1.01,-0.422,0.51,0.828,0.775,5830.194,2.594,0.611,-0.639563600739029
Paraguay,2014,891293435.717025,-0.0886275097727776,35,0.716,0.602,-1.066,-0.422,0.51,0.825,0.775,6114.113,4.8,0.62,-0.569811514775411
Paraguay,2015,581530313.037918,0.0384980216622353,35,0.723,0.588,-1.066,-0.422,0.51,0.836,0.764,6306.191,9.9,0.611,-0.580754575515782
Paraguay,2016,740781280.853106,0.141789719462395,35,0.721,0.59,-1.066,-0.422,0.149,0.836,0.764,6558.014,7.311,0.615,-0.521578296775776
Paraguay,2017,523009000.433085,0.00177098473068327,35,0.724,0.594,-0.927,-0.422,0.95,0.831,0.764,6915.259,7.848,0.624,-0.51587018464993
Paraguay,2018,217668333.65622,-0.0797712132334709,35,0.727,0.585,-1.025,-0.422,0.328,0.785,0.764,7123.893,3.968,0.621,-0.42593195975828
Paraguay,2019,402405577.221077,-0.0103485211730003,35,0.732,0.583,-1.073,-0.422,0.328,0.79,0.764,7186.629,3.988,0.618,-0.412876021808487
Peru,1996,3471149000,-1.06168437004089,36,0.651,0.375,0.727,0.772,-0.766,0.753,0.742,13452.591,11.419,0.625,-0.199005469239043
Peru,1997,2139260000,-2.48317313194275,22,0.656,0.375,0.727,0.772,-0.766,0.753,0.742,14124.555,8.633,0.638,-0.705175024314622
Peru,1998,1643949119.92647,-0.52083957195282,16.5,0.664,0.363,0.727,0.772,-0.311,0.746,0.742,14357.093,7.217,0.65,-0.208888305998698
Peru,1999,1940008800,-1.0273996591568,5,0.673,0.363,0.727,0.772,-0.311,0.746,0.742,14499.497,3.518,0.692,-0.10477534975751
Peru,2000,809696760.032968,-0.987529456615448,19.5,0.676,0.432,1.197,-1.123,3.015,0.716,0.742,14812.274,3.882,0.687,-0.275983696384415
Peru,2001,1144260000,0.332049906253815,16.5,0.684,0.736,-0.29,-1.373,0.406,0.552,0.742,15132.221,2.016,0.696,-0.0127110899525417
Peru,2002,2155836814.73346,-0.969909846782684,100.5,0.685,0.8,-0.29,-1.46,0.406,0.601,0.742,15821.758,0.16,0.648,-0.261662088739653
Peru,2003,1335007073.0402,-1.16210162639618,100.5,0.684,0.8,-0.29,-1.46,0.406,0.601,0.742,16602.363,2.263,0.646,-0.282277447430077
Peru,2004,1599038388.965,-1.0273996591568,100.5,0.69,0.799,-0.29,-1.46,0.406,0.601,0.742,17616.769,3.662,0.647,-0.322697614578688
Peru,2005,2578719365.11,-0.975715458393097,104.5,0.686,0.799,-0.29,-1.46,0.406,0.601,0.742,18872.498,1.623,0.613,-0.413433685914268
Peru,2006,3466531061.27322,-0.841553807258606,74.5,0.691,0.796,0.243,-1.46,0.406,0.618,0.742,20608.354,2.004,0.605,-0.391985628343478
Peru,2007,5490961307.08952,-0.774885892868042,74.5,0.7,0.793,-0.303,-1.46,0.597,0.627,0.742,22430.585,1.78,0.627,-0.367747899529319
Peru,2008,6923651284.62579,-0.892661690711975,67,0.708,0.796,-0.303,-1.46,0.597,0.627,0.742,23967.44,5.788,0.6375845355,-0.287023648815664
Peru,2009,6430652960.91184,-1.1800479888916,41,0.711,0.796,-0.303,-1.46,0.597,0.627,0.742,25001.119,2.937,0.6461847606,-0.272084037869628
Peru,2010,8454627587.91059,-0.999915421009064,42.5,0.725,0.798,0.1,-1.325,0.411,0.638,0.742,26977.947,1.704,0.676,-0.168067366863347
Peru,2011,7682261108.57854,-0.760749697685242,41.5,0.732,0.807,-0.03,-1.325,0.531,0.58,0.742,28946.016,5.343,0.686,-0.162574599958502
Peru,2012,14182387604.3103,-0.907364726066589,41.5,0.742,0.812,-0.292,-1.37,0.319,0.575,0.749,30502.252,5.788,0.687,-0.182190032036756
Peru,2013,9570622714.00791,-0.805739760398865,41.5,0.75,0.812,-0.292,-1.37,0.319,0.616,0.765,31928.502,5.3,0.682,-0.184678934040079
Peru,2014,4262751633.55747,-0.550656914710999,41.5,0.755,0.814,-0.292,-1.37,0.319,0.616,0.775,32800.83,3.988,0.674,-0.213629314152756
Peru,2015,7336859044.51778,-0.397571414709091,41.5,0.759,0.803,-0.292,-1.37,0.529,0.598,0.775,33890.403,12.629,0.677,-0.195589586153184
Peru,2016,6805247718.18016,-0.201726943254471,41,0.765,0.783,0.745,-1.322,0.685,0.598,0.775,34937.817,0.593,0.674,-0.134755116126009
Peru,2017,7413409959.49823,-0.259545832872391,41,0.77,0.783,0.706,-1.322,0.889,0.593,0.775,35954.927,0.7,0.689,-0.171787245549464
Peru,2018,5872657139.17008,-0.270443350076675,26,0.776,0.801,0.819,-1.382,0.889,0.571,0.775,37050.158,3.76,0.687,-0.217340235906951
Peru,2019,4760357406.6111,-0.152364984154701,26,0.78,0.797,0.71,-1.382,1.123,0.586,0.775,37253.842,0.6,0.678,-0.120802604112157
Suriname,1996,19100000,0.440209209918976,690,0.626,0.778,-1.528,-1.29,-1.132,0.226,0.882,346.89,-0.702,0.367,-0.117947885841581
Suriname,1997,-9199999.9,0.162798807024956,690,0.521,0.783,-1.748,-1.29,-1.132,0.226,0.882,365.655,7.145,0.359,0.00680578708494716
Suriname,1998,9099999.9,0.599269092082977,689,0.53,0.783,-1.748,-1.527,-0.106,0.226,0.882,373.484,18.975,0.399,-0.00903803513416235
Suriname,1999,-61500000,0.0936860963702202,697,0.508,0.783,-1.748,-1.527,-1.181,0.226,0.882,368.264,98.773,0.401,0.0230835735576547
Suriname,2000,-97200000,0.212451234459877,690,0.723,0.79,-1.748,-1.527,-0.687,0.226,0.882,383.323,59.402,0.458,0.0951188779746852
Suriname,2001,-26800000,0.483302503824234,689,0.508,0.788,-1.748,-1.527,-1.153,0.226,0.882,401.869,38.642,0.443,0.0523695146113995
Suriname,2002,-73599999.9,0.492683351039886,697,0.676,0.788,-1.748,-1.527,-1.153,0.226,0.882,423.11,15.489,0.48,-0.00414591897383503
Suriname,2003,-76099999.9,0.483302503824234,690,0.674,0.788,-1.748,-1.527,-1.153,0.226,0.882,450.539,22.994,0.469,0.054355479992111
Suriname,2004,-37299999.9,0.30226343870163,689,0.674,0.788,-1.748,-1.527,-1.153,0.226,0.882,483.912,9.986,0.479,-0.00060936589697147
Suriname,2005,2.8e+07,0.233044505119324,697,0.683,0.786,-1.748,-1.527,-1.153,0.226,0.882,509.797,9.898,0.519,0.0255575864833436
Suriname,2006,-163400000,-0.0139150014147162,689,0.691,0.785,-1.748,-1.527,-1.153,0.226,0.882,540.601,11.281,0.551,-0.118125746999004
Suriname,2007,-246700000,-0.0173227712512016,689,0.701,0.782,-1.748,-1.527,-1.153,0.226,0.882,572.448,6.426,0.548,-0.106330412698472
Suriname,2008,-231400000,0.0996380820870399,690,0.709,0.782,-1.748,-1.527,-1.153,0.226,0.882,605.09,14.667,0.5432059104,-0.058059374928847
Suriname,2009,-93400000,0.147267401218414,690,0.717,0.782,-1.748,-1.527,-1.153,0.226,0.882,634.753,-0.111,0.5408876386,-0.0532414375147216
Suriname,2010,-255700000,0.0824754610657692,690,0.723,0.77,-0.605,-1.527,-1.153,0.234,0.882,671.686,6.945,0.525,-0.0527935016578564
Suriname,2011,145288761.2,0.119975283741951,690,0.728,0.762,-0.605,-1.527,-1.153,0.234,0.882,714.136,-0.111,0.531,-0.0328542082423755
Suriname,2012,169442185.072793,0.0793254524469376,690,0.731,0.762,-0.605,-1.527,-1.153,0.234,0.882,742.604,-0.111,0.526,-0.00960928301089267
Suriname,2013,186765030.570088,0.132779225707054,204,0.734,0.762,-0.605,-1.527,-1.153,0.257,0.855,760.19,0.998,0.52,0.00947138550419999
Suriname,2014,-59673138.0841934,0.249270841479301,84,0.736,0.762,-0.605,-1.527,-1.153,0.257,0.855,764.718,9.869,0.542,-0.11333786486415
Suriname,2015,183665852.69756,0.256688296794891,84,0.744,0.773,-0.605,-1.527,-1.153,0.257,0.855,742.243,0.327,0.542,-0.147811116104658
Suriname,2016,231666845.653766,0.162081345915794,66,0.747,0.777,-0.605,-1.527,-1.153,0.302,0.855,710.712,8.247,0.538,-0.142117979179355
Suriname,2017,96075554.7414537,0.126681312918663,66,0.75,0.763,-0.605,-1.527,-1.153,0.333,0.855,719.69,6.125,0.48,-0.172249967088742
Suriname,2018,130960766.326423,0.0650854334235191,66,0.755,0.764,-0.605,-1.527,-1.153,0.359,0.855,725.736,4.466,0.481,-0.171009600028999
Suriname,2019,84160363.8257407,0.101494126021862,66,0.755,0.756,-0.605,-1.527,-1.153,0.359,0.727,730.714,1.836,0.481,-0.184426865145462
Trinidad and Tobago,1996,355399933.861396,0.273877173662186,41.5,0.684,0.767,-1.98,-1.952,-1.66,0.159,0.814,1693.378,3.405,0.692,0.599187289851866
Trinidad and Tobago,1997,999347641.846576,-0.121956370770931,18,0.69,0.767,-1.98,-1.952,-1.66,0.159,0.814,1794.751,3.626,0.713,0.578155577125345
Trinidad and Tobago,1998,729767481.18443,0.412275731563568,18,0.7,0.767,-1.98,-1.952,-1.66,0.159,0.814,1904.509,5.613,0.72,0.681368196588547
Trinidad and Tobago,1999,643300000,-0.250100612640381,2,0.703,0.767,-1.98,-1.952,-1.66,0.159,0.814,2084.601,3.439,0.724,0.880235345672763
Trinidad and Tobago,2000,679500035.953542,0.153456091880798,4.5,0.712,0.773,-1.98,-1.952,-1.66,0.159,0.814,2269.337,3.555,0.745,0.593358093464285
Trinidad and Tobago,2001,834900044.583722,1.02250838279724,16,0.721,0.737,-1.98,-1.952,-1.66,0.159,0.814,2363.545,5.537,0.718,0.709454010876354
Trinidad and Tobago,2002,1007800000,-0.0942921563982964,48,0.732,0.753,-1.98,-1.952,-1.66,0.147,0.814,2550.832,4.139,0.701,0.525650786860775
Trinidad and Tobago,2003,808300000,-0.250032126903534,41,0.737,0.766,-1.98,-1.952,-1.66,0.147,0.814,2885.463,3.813,0.688,0.468872373500792
Trinidad and Tobago,2004,998100000,-0.0683272704482079,26.5,0.752,0.766,-1.98,-1.952,-1.66,0.147,0.814,3195.905,3.722,0.713,0.344211791678166
Trinidad and Tobago,2005,939700000,-0.121956370770931,74,0.758,0.762,-1.98,-1.952,-1.66,0.147,0.814,3492.604,6.886,0.715,0.275284583093332
Trinidad and Tobago,2006,882700000,-0.237762182950974,41,0.767,0.767,-1.98,-1.952,-1.66,0.147,0.814,3872.681,8.317,0.704,0.146655467594942
Trinidad and Tobago,2007,8.3e+08,-0.188574343919754,41,0.773,0.766,-1.98,-1.952,-1.66,0.147,0.814,4170.245,7.889,0.706,0.219174276944858
Trinidad and Tobago,2008,2800800000,-0.117300540208817,41,0.777,0.774,-1.98,-1.952,-1.66,0.147,0.814,4322.358,12.049,0.695461941,0.178737225417346
Trinidad and Tobago,2009,709100000,-0.14176744222641,41,0.787,0.774,-1.98,-1.952,-1.66,0.151,0.814,4152.852,6.971,0.6797373367,0.207857700122145
Trinidad and Tobago,2010,549400000,-0.0508231818675995,40,0.79,0.78,-1.98,-1.952,-0.929,0.162,0.814,4256.518,10.547,0.657,0.177837159709981
Trinidad and Tobago,2011,41047454.4570203,0.141080409288406,40,0.794,0.786,-1.98,-1.952,-1.729,0.162,0.814,4374.089,2.92,0.665,0.208457630956186
Trinidad and Tobago,2012,-1904347649.2578,0.104277603328228,40,0.8,0.786,-1.98,-1.952,-1.729,0.162,0.814,4385.512,6.971,0.644,0.190527229420628
Trinidad and Tobago,2013,-1129966025.63165,0.0936860963702202,35.5,0.806,0.752,-1.98,-1.952,-1.729,0.162,0.814,4424.17,6.971,0.623,0.141106835088699
Trinidad and Tobago,2014,661413505.43737,0.247864335775375,11.5,0.809,0.752,-1.98,-1.952,-0.924,0.162,0.814,4407.348,2.951,0.627,0.120521845493694
Trinidad and Tobago,2015,176829744.888446,0.286114305257797,11.5,0.816,0.764,-1.98,-1.952,-1.865,0.162,0.814,4304.326,2.987,0.641,0.107409971839597
Trinidad and Tobago,2016,-23598182.380677,0.286351978778839,10.5,0.815,0.76,-1.98,-1.952,-1.865,0.095,0.814,4118.15,7.056,0.629,0.0834538052282995
Trinidad and Tobago,2017,-470882577.73977,0.276504427194595,10.5,0.817,0.754,-1.98,-1.952,-1.865,0.115,0.778,4021.829,10.657,0.612,0.102645685868109
Trinidad and Tobago,2018,-700185701.199984,0.237681373953819,10.5,0.815,0.749,-1.98,-1.952,-1.865,0.101,0.807,4034.994,7.036,0.577,0.0642907173849538
Trinidad and Tobago,2019,183972765.263861,0.100833661854267,10.5,0.821,0.748,-1.98,-1.952,-1.865,0.09,0.845,4021.643,10.645,0.57,0.0514097103422572
Uruguay,1996,136800000,0.623442530632019,43,0.723,0.866,-3.017,-1.983,0.144,0.05,0.885,4426.725,28.342,0.637,0.851256588057352
Uruguay,1997,113200000,0.929349541664124,45,0.735,0.866,-3.017,-1.983,0.144,0.05,0.885,4619.538,19.819,0.675,0.835249819023745
Uruguay,1998,164100000,0.765376150608063,45,0.744,0.875,-3.017,-1.983,0.144,0.05,0.885,4761.28,10.811,0.686,0.845760414581837
Uruguay,1999,235300000,0.487268358469009,45,0.747,0.875,-3.017,-1.983,0.144,0.05,0.885,4644.879,5.659,0.685,0.749846989287475
Uruguay,2000,262825000,0.929349541664124,43,0.753,0.875,-3.017,-2.294,0.766,0.05,0.885,4515.577,4.762,0.693,0.775123063977549
Uruguay,2001,310402928.186631,0.838327348232269,43,0.76,0.875,-2.624,-2.294,0.766,0.05,0.885,4311.053,4.357,0.707,0.866334702240055
Uruguay,2002,179852187.798716,0.838327348232269,16,0.764,0.875,-2.624,-2.294,1.505,0.05,0.885,4074.883,13.979,0.687,0.844013724549036
Uruguay,2003,402717369.251734,0.711256563663483,45,0.77,0.875,-2.624,-2.825,1.505,0.05,0.885,4062.591,19.4,0.698,0.796791167455151
Uruguay,2004,352712784.345572,0.590961158275604,45,0.77,0.876,-3.465,-2.825,0.761,0.05,0.885,4179.702,9.2,0.667,0.627817883868331
Uruguay,2005,826626704.297553,0.777662575244904,45,0.768,0.89,-3.465,-2.825,-0.14,0.05,0.885,4416.422,4.7,0.669,0.723125251224782
Uruguay,2006,1508350268.54176,0.898599565029144,43,0.768,0.891,-3.465,-2.825,-0.14,0.05,0.885,4632.786,6.4,0.653,0.749032094266758
Uruguay,2007,1358736505.93224,0.835530936717987,43,0.771,0.891,-3.465,-2.825,-0.14,0.05,0.885,4920.932,8.11,0.684,0.837513119549419
Uruguay,2008,2141969341.14865,0.845082819461823,43,0.774,0.891,-3.465,-2.825,-0.14,0.05,0.885,5343.183,7.876,0.6790404318,0.851607590790629
Uruguay,2009,1602591812.77207,0.789260983467102,64,0.78,0.893,-3.465,-2.825,-0.14,0.05,0.885,5655.504,7.064,0.6910803734,0.934777335860161
Uruguay,2010,2191067966.51532,0.824986040592194,64,0.787,0.908,-3.465,-2.825,-0.14,0.051,0.885,6119.901,6.453,0.698,0.972718483898811
Uruguay,2011,2690094196.66277,0.957096934318542,6.5,0.794,0.908,-3.465,-2.825,-0.14,0.051,0.885,6499.464,10.9,0.7,0.924495595429551
Uruguay,2012,6394069821.71275,0.709167778491974,6.5,0.798,0.908,-3.465,-2.825,-0.14,0.051,0.885,6752.809,4.357,0.699,0.853984115957115
Uruguay,2013,986930050.603523,0.804738223552704,6.5,0.805,0.906,-3.465,-2.825,-0.14,0.059,0.885,7022.877,0.667,0.697,0.852389964494914
Uruguay,2014,4085227626.74537,0.99187958240509,6.5,0.808,0.905,-3.465,-2.825,-0.14,0.059,0.885,7200.417,5.72,0.693,0.943764509492405
Uruguay,2015,2673041339.41286,1.0042382478714,6.5,0.811,0.893,-3.465,-2.825,-0.14,0.053,0.885,7283.589,2.8,0.686,0.931884175339867
Uruguay,2016,-515650078.425119,1.06258046627045,6.5,0.815,0.893,-3.465,-2.825,-0.14,0.053,0.885,7381.808,5.7,0.688,0.895208938741219
Uruguay,2017,2686509353.42749,1.05078029632568,6.5,0.819,0.885,-3.465,-2.825,-0.14,0.053,0.885,7516.341,7.876,0.697,0.840435169636046
Uruguay,2018,1726550037.27185,1.03495681285858,6.5,0.819,0.891,-3.465,-2.825,-0.14,0.053,0.885,7613.584,3.84,0.692,0.860055766723455
Uruguay,2019,1469761178.68104,1.03887915611267,6.5,0.821,0.89,-3.011,-2.825,-0.14,0.053,0.885,7648.252,8.1,0.686,0.907514172338755
"Venezuela, RB",1996,2.183e+09,-0.584048211574554,10,0.679,0.752,-2.156,-1.759,0.634,0.693,0.907,22443.174,99.876,0.545,-0.525525597814424
"Venezuela, RB",1997,6.202e+09,0.148430079221725,40,0.685,0.749,-2.156,-1.759,0.634,0.699,0.907,22632.746,50.04,0.528,0.190078533819435
"Venezuela, RB",1998,5.024e+09,-0.537716507911682,92,0.686,0.739,-1.71,-1.267,0.634,0.699,0.819,22289.238,35.782,0.54,-0.571624834779
"Venezuela, RB",1999,2.932e+09,-0.416316986083984,12,0.682,0.674,-0.545,-0.685,1.208,0.735,0.789,22214.828,23.57,0.561,-0.608418306553091
"Venezuela, RB",2000,4.703e+09,-0.758916974067688,14,0.684,0.58,0.446,0.341,1.633,0.894,0.721,23160.72,16.206,0.574,-0.575879003441287
"Venezuela, RB",2001,3.704e+09,-0.471536189317703,16.5,0.689,0.534,0.446,0.341,1.442,0.894,0.721,23497.881,12.531,0.546,-0.722451458092154
"Venezuela, RB",2002,7.61e+08,-1.31789720058441,36,0.699,0.497,0.985,0.739,3.239,0.901,0.721,23021.603,22.434,0.547,-0.913430468976296
"Venezuela, RB",2003,1.573e+09,-1.28644466400146,143,0.693,0.493,1.102,0.958,2.245,0.901,0.721,22988.735,31.091,0.548,-1.02566021631178
"Venezuela, RB",2004,1.489e+09,-1.3915855884552,143,0.707,0.478,1.102,0.78,1.879,0.908,0.721,26286.165,21.747,0.467,-1.01353628686448
"Venezuela, RB",2005,2.45e+09,-1.24433243274689,143,0.721,0.477,1.321,0.889,1.563,0.929,0.672,30163.522,15.955,0.452,-0.995015839101279
"Venezuela, RB",2006,1.98e+08,-1.25286757946014,143,0.732,0.451,1.321,0.703,1.677,0.929,0.633,33870.388,13.654,0.446,-1.11427903216056
"Venezuela, RB",2007,4.358e+09,-1.2296701669693,142,0.749,0.439,2.009,0.854,3.119,0.942,0.633,37270.294,18.703,0.479,-1.23522919116674
"Venezuela, RB",2008,2.083e+09,-1.31243884563446,141,0.756,0.434,2.009,0.697,1.496,0.942,0.633,40047.033,30.37,0.4471070825,-1.277846729318
"Venezuela, RB",2009,-1.137e+09,-1.27778947353363,141,0.756,0.433,2.009,0.95,1.719,0.946,0.633,39775.547,27.081,0.399159377,-1.26506032491998
"Venezuela, RB",2010,1.583e+09,-1.25623667240143,141,0.755,0.423,2.009,1.301,1.781,0.953,0.583,41556.902,29.179,0.371,-1.32228026026992
"Venezuela, RB",2011,5.855e+09,-1.09404599666595,141,0.762,0.418,2.009,1.64,1.438,0.957,0.583,43749.382,13.5,0.376,-1.30983735802635
"Venezuela, RB",2012,4.986e+09,-1.02713263034821,144,0.767,0.411,2.009,1.822,1.931,0.957,0.583,44865.55,108.893,0.381,-1.33252207838534
"Venezuela, RB",2013,2.145e+09,-1.07763242721558,144,0.774,0.333,2.232,2.025,2.519,0.967,0.656,43458.09,27.081,0.361,-1.39270464483548
"Venezuela, RB",2014,1.135e+09,-0.852002203464508,144,0.77,0.317,2.168,2.224,3.799,0.965,0.656,35852.434,5.753,0.363,-1.5096470326455
"Venezuela, RB",2015,2.956e+09,-0.977180898189545,186,0.767,0.303,2.105,2.456,2.45,0.9,0.656,24559.855,108.893,0.343,-1.57902211169718
"Venezuela, RB",2016,1.587e+09,-1.02460360527039,230,0.757,0.295,2.105,2.774,2.862,0.851,0.656,14229.993,282.38,0.337,-1.71020525152705
"Venezuela, RB",2017,-6.8e+07,-1.27208209037781,230,0.744,0.235,2.433,3.079,3.741,0.854,0.637,6828.441,4146.01,0.27,-1.74744524049452
"Venezuela, RB",2018,8.86e+08,-1.35114586353302,230,0.738,0.216,2.433,2.979,2.015,0.908,0.694,4533.527,302.117,0.252,-1.89358877562153
"Venezuela, RB",2019,-1.278e+09,-1.53677773475647,230,0.721,0.209,2.069,2.335,1.614,0.951,0.694,3113.377,4.747,0.259,-1.90440840910757
